<TEI xmlns="http://www.tei-c.org/ns/1.0" xmlns:tei="http://www.tei-c.org/ns/1.0" xmlns:xd="http://www.oxygenxml.com/ns/doc/xsl" xml:lang="en">
   <teiHeader>
      <fileDesc>
         <titleStmt>
            <title level="a" xml:lang="es">San Nicolas de Tumbez</title>
            <title level="m">LOGAR Linked Open Gazetteer of the Andean Region</title>
            <sponsor>LOGAR Linked Open Gazetteer of the Andean Region</sponsor>
            <funder>The National Endowment for the Humanities</funder>
            <principal>Steven A. Wernke</principal>
            <principal>Akira Saito</principal>
            <editor role="creator">Steven A. Wernke</editor>
            <editor role="creator">Jeremy Mumford</editor>
            <respStmt>
               <resp>Editing, proofreading, data entry and revision by</resp>
               <name type="person" ref="http://syriaca.org/documentation/editors.xml#swernke">Steven A. Wernke</name>
            </respStmt>
            <respStmt>
               <resp>Editing, proofreading, data entry and revision by</resp>
               <name type="person" ref="http://syriaca.org/documentation/editors.xml#jmumford">Jeremy Mumford</name>
            </respStmt>
         </titleStmt>
         <editionStmt>
            <edition n="1.0"/>
         </editionStmt>
         <publicationStmt>
            <authority>LOGAR Linked Open Gazetteer of the Andean Region</authority>
            <idno type="URI">http://logarandes.org/place/1/tei</idno>
            <availability>
               <licence target="http://creativecommons.org/licenses/by/3.0/">
                  <p>Distributed under a Creative Commons Attribution 3.0 Unported License.</p>
               </licence>
            </availability>
            <date>2016-05-09-04:00</date>
         </publicationStmt>
         <sourceDesc>
            <p>Born digital.</p>
         </sourceDesc>
      </fileDesc>
      <encodingDesc>
         <editorialDecl>
            <p>This record created following the LOGAR guidelines. 
                        Documentation available at: <ref target="http://logarandes.org/documentation">http://logarandes.org/documentation</ref>.</p>
         </editorialDecl>
      </encodingDesc>
      <revisionDesc>
         <change who="http://syriaca.org/documentation/editors.xml#wsalesky" n="1.0" when="2016-05-09-04:00">CREATED: place record</change>
      </revisionDesc>
   </teiHeader>
   <text>
      <body>
         <listPlace>
            <place xml:id="place-1" source="bib1-1">
               <placeName xml:id="name1-1" full="yes" type="standardized">San Nicolas de Tumbez</placeName>
               <placeName xml:id="name1-2" type="standardized-Spanish">San Nicolas de</placeName>
               <placeName xml:id="name1-3" type="standardized-Andean">Tumbez</placeName>
               <placeName xml:id="name1-4" type="verbatim">sant nicoals de tumbez</placeName>
               <location type="ancient">
                  <region type="audiencia">Lima</region>
                  <region type="ciudad">Piura</region>
                  <region type="repartimiento">
                     <placeName type="standardized" full="yes">Unnamed rpt. of Gonzalo Farfan</placeName>
                     <placeName type="verbatim">encomienda de Gonzalo farfan</placeName>
                  </region>
                  <region type="repartimiento">
                     <placeName type="standardized" full="yes">Mancora</placeName>
                     <placeName type="verbatim"/>
                  </region>
                  <settlement type="pueblo">San Nicolas de Tumbez</settlement>
               </location>
               <location type="modern">
                  <country>Peru</country>
                  <region type="province">Talara</region>
                  <region type="department">Piura</region>
                  <settlement type="pueblo">Tumbes</settlement>
               </location>
               <location type="gps">
                  <geo>-3.570790532 -80.45960763</geo>
               </location>
               <location>
                  <geo>-03 34 14.84760 -080 27 34.58880</geo>
               </location>
               <note>Saved what GE recognises as "Tumbes, Máncora" -</note>
               <bibl xml:id="bib1-1">
                  <title>Levillier 1921-26 v9</title>
                  <citedRange unit="pp">212</citedRange>
               </bibl>
               <bibl xml:id="bib1-2">
                  <title>Levillier 1921-26 v9</title>
                  <citedRange unit="pp">212</citedRange>
               </bibl>
               <bibl xml:id="bib1-3">
                  <title>AGI Lima 464</title>
               </bibl>
               <idno type="URI">http://logarandes.org/place/1</idno>
               <note type="administrative" subtype="Moved">1</note>
               <note type="administrative" subtype="Move_ref">Google sat</note>
               <note type="administrative" subtype="Moved_by">Kohut</note>
               <note type="administrative" subtype="Move_date">3/3/2016</note>
               <note type="administrative" subtype="Delete_2">0</note>
            </place>
         </listPlace>
      </body>
   </text>
</TEI>