<TEI xmlns="http://www.tei-c.org/ns/1.0" xmlns:tei="http://www.tei-c.org/ns/1.0" xmlns:xd="http://www.oxygenxml.com/ns/doc/xsl" xml:lang="en">
   <teiHeader>
      <fileDesc>
         <titleStmt>
            <title level="a" xml:lang="es">San Juan de Racha</title>
            <title level="m">LOGAR Linked Open Gazetteer of the Andean Region</title>
            <sponsor>LOGAR Linked Open Gazetteer of the Andean Region</sponsor>
            <funder>The National Endowment for the Humanities</funder>
            <principal>Steven A. Wernke</principal>
            <principal>Akira Saito</principal>
            <editor role="creator">Steven A. Wernke</editor>
            <editor role="creator">Jeremy Mumford</editor>
            <respStmt>
               <resp>Editing, proofreading, data entry and revision by</resp>
               <name type="person" ref="http://syriaca.org/documentation/editors.xml#swernke">Steven A. Wernke</name>
            </respStmt>
            <respStmt>
               <resp>Editing, proofreading, data entry and revision by</resp>
               <name type="person" ref="http://syriaca.org/documentation/editors.xml#jmumford">Jeremy Mumford</name>
            </respStmt>
         </titleStmt>
         <editionStmt>
            <edition n="1.0"/>
         </editionStmt>
         <publicationStmt>
            <authority>LOGAR Linked Open Gazetteer of the Andean Region</authority>
            <idno type="URI">http://logarandes.org/place/100/tei</idno>
            <availability>
               <licence target="http://creativecommons.org/licenses/by/3.0/">
                  <p>Distributed under a Creative Commons Attribution 3.0 Unported License.</p>
               </licence>
            </availability>
            <date>2016-05-09-04:00</date>
         </publicationStmt>
         <sourceDesc>
            <p>Born digital.</p>
         </sourceDesc>
      </fileDesc>
      <encodingDesc>
         <editorialDecl>
            <p>This record created following the LOGAR guidelines. 
                        Documentation available at: <ref target="http://logarandes.org/documentation">http://logarandes.org/documentation</ref>.</p>
         </editorialDecl>
      </encodingDesc>
      <revisionDesc>
         <change who="http://syriaca.org/documentation/editors.xml#wsalesky" n="1.0" when="2016-05-09-04:00">CREATED: place record</change>
      </revisionDesc>
   </teiHeader>
   <text>
      <body>
         <listPlace>
            <place xml:id="place-100" source="bib100-1">
               <placeName xml:id="name100-1" full="yes" type="standardized">San Juan de Racha</placeName>
               <placeName xml:id="name100-2" type="standardized-Spanish">San Juan de</placeName>
               <placeName xml:id="name100-3" type="standardized-Andean">Racha</placeName>
               <placeName xml:id="name100-4" type="verbatim">san joan de racha</placeName>
               <location type="ancient">
                  <region type="audiencia">Lima</region>
                  <region type="ciudad">Huanuco</region>
                  <region type="corregimiento">Jarama y Chinchacocha</region>
                  <region type="repartimiento">
                     <placeName type="standardized" full="yes">Guamalies (M de Guzmán)</placeName>
                     <placeName type="verbatim">guamalies</placeName>
                  </region>
                  <settlement type="pueblo">San Juan de Racha</settlement>
               </location>
               <location type="modern">
                  <country>Peru</country>
                  <region type="province">Huánuco</region>
                  <region type="department">Huánuco</region>
                  <settlement type="pueblo">Raccha</settlement>
                  <note type="modern-location">Province designation tentative</note>
               </location>
               <location type="gps">
                  <geo>-10.14242318 -76.27666072</geo>
               </location>
               <location>
                  <geo>-10 08 32.72280 -076 16 35.97960</geo>
               </location>
               <bibl xml:id="bib100-1">
                  <title>Levillier 1921-26 v9</title>
                  <citedRange unit="pp">204</citedRange>
               </bibl>
               <bibl xml:id="bib100-2">
                  <title>Levillier 1921-26 v9</title>
                  <citedRange unit="pp">204</citedRange>
               </bibl>
               <bibl xml:id="bib100-3">
                  <title>AGI Lima 464</title>
               </bibl>
               <idno type="URI">http://logarandes.org/place/100</idno>
               <note type="administrative" subtype="Moved">1</note>
               <note type="administrative" subtype="Move_ref">Google sat</note>
               <note type="administrative" subtype="MR_other_notes">and Digital Peru</note>
               <note type="administrative" subtype="Moved_by">Kohut</note>
               <note type="administrative" subtype="Move_date">3/3/2016</note>
               <note type="administrative" subtype="Delete_2">0</note>
            </place>
         </listPlace>
      </body>
   </text>
</TEI>