<TEI xmlns="http://www.tei-c.org/ns/1.0" xmlns:tei="http://www.tei-c.org/ns/1.0" xmlns:xd="http://www.oxygenxml.com/ns/doc/xsl" xml:lang="en">
   <teiHeader>
      <fileDesc>
         <titleStmt>
            <title level="a" xml:lang="es">San Francisco de Guari</title>
            <title level="m">LOGAR Linked Open Gazetteer of the Andean Region</title>
            <sponsor>LOGAR Linked Open Gazetteer of the Andean Region</sponsor>
            <funder>The National Endowment for the Humanities</funder>
            <principal>Steven A. Wernke</principal>
            <principal>Akira Saito</principal>
            <editor role="creator">Steven A. Wernke</editor>
            <editor role="creator">Jeremy Mumford</editor>
            <respStmt>
               <resp>Editing, proofreading, data entry and revision by</resp>
               <name type="person" ref="http://syriaca.org/documentation/editors.xml#swernke">Steven A. Wernke</name>
            </respStmt>
            <respStmt>
               <resp>Editing, proofreading, data entry and revision by</resp>
               <name type="person" ref="http://syriaca.org/documentation/editors.xml#jmumford">Jeremy Mumford</name>
            </respStmt>
         </titleStmt>
         <editionStmt>
            <edition n="1.0"/>
         </editionStmt>
         <publicationStmt>
            <authority>LOGAR Linked Open Gazetteer of the Andean Region</authority>
            <idno type="URI">http://logarandes.org/place/103/tei</idno>
            <availability>
               <licence target="http://creativecommons.org/licenses/by/3.0/">
                  <p>Distributed under a Creative Commons Attribution 3.0 Unported License.</p>
               </licence>
            </availability>
            <date>2016-05-09-04:00</date>
         </publicationStmt>
         <sourceDesc>
            <p>Born digital.</p>
         </sourceDesc>
      </fileDesc>
      <encodingDesc>
         <editorialDecl>
            <p>This record created following the LOGAR guidelines. 
                        Documentation available at: <ref target="http://logarandes.org/documentation">http://logarandes.org/documentation</ref>.</p>
         </editorialDecl>
      </encodingDesc>
      <revisionDesc>
         <change who="http://syriaca.org/documentation/editors.xml#wsalesky" n="1.0" when="2016-05-09-04:00">CREATED: place record</change>
      </revisionDesc>
   </teiHeader>
   <text>
      <body>
         <listPlace>
            <place xml:id="place-103" source="bib103-1">
               <placeName xml:id="name103-1" full="yes" type="standardized">San Francisco de Guari</placeName>
               <placeName xml:id="name103-2" type="standardized-Spanish">San Francisco de</placeName>
               <placeName xml:id="name103-3" type="standardized-Andean">Guari</placeName>
               <placeName xml:id="name103-4" type="verbatim">sant Francisco de guari</placeName>
               <location type="ancient">
                  <region type="audiencia">Lima</region>
                  <region type="ciudad">Huanuco</region>
                  <region type="corregimiento">Guamalies</region>
                  <region type="repartimiento">
                     <placeName type="standardized" full="yes">Guamalies</placeName>
                     <placeName type="verbatim">Guamalies</placeName>
                  </region>
                  <settlement type="pueblo">San Francisco de Guari</settlement>
               </location>
               <location type="modern">
                  <country>Peru</country>
                  <region type="province">Ambo</region>
                  <region type="department">Huánuco</region>
                  <settlement type="pueblo">Huari</settlement>
               </location>
               <note>Coordinates from: http://www.indexmundi.com/zp/pe/7760.htm</note>
               <bibl xml:id="bib103-1">
                  <title>Levillier 1921-26 v9</title>
                  <citedRange unit="pp">201</citedRange>
               </bibl>
               <bibl xml:id="bib103-2">
                  <title>Levillier 1921-26 v9</title>
                  <citedRange unit="pp">201</citedRange>
               </bibl>
               <bibl xml:id="bib103-3">
                  <title>AGI Lima 464</title>
               </bibl>
               <idno type="URI">http://logarandes.org/place/103</idno>
               <note type="administrative" subtype="Moved">0</note>
            </place>
         </listPlace>
      </body>
   </text>
</TEI>