<TEI xmlns="http://www.tei-c.org/ns/1.0" xmlns:tei="http://www.tei-c.org/ns/1.0" xmlns:xd="http://www.oxygenxml.com/ns/doc/xsl" xml:lang="en">
   <teiHeader>
      <fileDesc>
         <titleStmt>
            <title level="a" xml:lang="es">San Francisco de Mangas</title>
            <title level="m">LOGAR Linked Open Gazetteer of the Andean Region</title>
            <sponsor>LOGAR Linked Open Gazetteer of the Andean Region</sponsor>
            <funder>The National Endowment for the Humanities</funder>
            <principal>Steven A. Wernke</principal>
            <principal>Akira Saito</principal>
            <editor role="creator">Steven A. Wernke</editor>
            <editor role="creator">Jeremy Mumford</editor>
            <respStmt>
               <resp>Editing, proofreading, data entry and revision by</resp>
               <name type="person" ref="http://syriaca.org/documentation/editors.xml#swernke">Steven A. Wernke</name>
            </respStmt>
            <respStmt>
               <resp>Editing, proofreading, data entry and revision by</resp>
               <name type="person" ref="http://syriaca.org/documentation/editors.xml#jmumford">Jeremy Mumford</name>
            </respStmt>
         </titleStmt>
         <editionStmt>
            <edition n="1.0"/>
         </editionStmt>
         <publicationStmt>
            <authority>LOGAR Linked Open Gazetteer of the Andean Region</authority>
            <idno type="URI">http://logarandes.org/place/106/tei</idno>
            <availability>
               <licence target="http://creativecommons.org/licenses/by/3.0/">
                  <p>Distributed under a Creative Commons Attribution 3.0 Unported License.</p>
               </licence>
            </availability>
            <date>2016-05-09-04:00</date>
         </publicationStmt>
         <sourceDesc>
            <p>Born digital.</p>
         </sourceDesc>
      </fileDesc>
      <encodingDesc>
         <editorialDecl>
            <p>This record created following the LOGAR guidelines. 
                        Documentation available at: <ref target="http://logarandes.org/documentation">http://logarandes.org/documentation</ref>.</p>
         </editorialDecl>
      </encodingDesc>
      <revisionDesc>
         <change who="http://syriaca.org/documentation/editors.xml#wsalesky" n="1.0" when="2016-05-09-04:00">CREATED: place record</change>
      </revisionDesc>
   </teiHeader>
   <text>
      <body>
         <listPlace>
            <place xml:id="place-106" source="bib106-1">
               <placeName xml:id="name106-1" full="yes" type="standardized">San Francisco de Mangas</placeName>
               <placeName xml:id="name106-2" type="standardized-Spanish">San Francisco de</placeName>
               <placeName xml:id="name106-3" type="standardized-Andean">Mangas</placeName>
               <placeName xml:id="name106-4" type="verbatim">san Francisco de mangas</placeName>
               <location type="ancient">
                  <region type="audiencia">Lima</region>
                  <region type="ciudad">Lima</region>
                  <region type="corregimiento">Ambar y Cajatambo</region>
                  <region type="repartimiento">
                     <placeName type="standardized" full="yes">Ambar y Cajatambo</placeName>
                     <placeName type="verbatim">ambar y Caxatambo</placeName>
                  </region>
                  <settlement type="pueblo">San Francisco de Mangas</settlement>
               </location>
               <location type="modern">
                  <country>Peru</country>
                  <region type="province">Bolognesi</region>
                  <region type="department">Lima</region>
                  <settlement type="pueblo">Mangas</settlement>
               </location>
               <location type="gps">
                  <geo>-10.36918179 -77.10348112</geo>
               </location>
               <location>
                  <geo>-10 22 09.05520 -077 06 12.53160</geo>
               </location>
               <note>[WHERE DID I GET THESE Coordinates? I can't find Mangas on Google Maps. Also, this location is far from the others. And there is a Manás, in Prov. Cajatambo. But S. Francisco de Mangas appears in the historical record (while "san francisco de manas" does</note>
               <bibl xml:id="bib106-1">
                  <title>Levillier 1921-26 v9</title>
                  <citedRange unit="pp">197</citedRange>
               </bibl>
               <bibl xml:id="bib106-2">
                  <title>Levillier 1921-26 v9</title>
                  <citedRange unit="pp">197</citedRange>
               </bibl>
               <bibl xml:id="bib106-3">
                  <title>AGI Lima 464</title>
               </bibl>
               <idno type="URI">http://logarandes.org/place/106</idno>
               <note type="administrative" subtype="Moved">1</note>
               <note type="administrative" subtype="Move_ref">Google sat</note>
               <note type="administrative" subtype="Moved_by">Kohut</note>
               <note type="administrative" subtype="Move_date">12/10/2015</note>
               <note type="administrative" subtype="Delete_2">0</note>
            </place>
         </listPlace>
      </body>
   </text>
</TEI>