<TEI xmlns="http://www.tei-c.org/ns/1.0" xmlns:tei="http://www.tei-c.org/ns/1.0" xmlns:xd="http://www.oxygenxml.com/ns/doc/xsl" xml:lang="en">
   <teiHeader>
      <fileDesc>
         <titleStmt>
            <title level="a" xml:lang="es">San Pedro de Pillao de Querca</title>
            <title level="m">LOGAR Linked Open Gazetteer of the Andean Region</title>
            <sponsor>LOGAR Linked Open Gazetteer of the Andean Region</sponsor>
            <funder>The National Endowment for the Humanities</funder>
            <principal>Steven A. Wernke</principal>
            <principal>Akira Saito</principal>
            <editor role="creator">Steven A. Wernke</editor>
            <editor role="creator">Jeremy Mumford</editor>
            <respStmt>
               <resp>Editing, proofreading, data entry and revision by</resp>
               <name type="person" ref="http://syriaca.org/documentation/editors.xml#swernke">Steven A. Wernke</name>
            </respStmt>
            <respStmt>
               <resp>Editing, proofreading, data entry and revision by</resp>
               <name type="person" ref="http://syriaca.org/documentation/editors.xml#jmumford">Jeremy Mumford</name>
            </respStmt>
         </titleStmt>
         <editionStmt>
            <edition n="1.0"/>
         </editionStmt>
         <publicationStmt>
            <authority>LOGAR Linked Open Gazetteer of the Andean Region</authority>
            <idno type="URI">http://logarandes.org/place/108/tei</idno>
            <availability>
               <licence target="http://creativecommons.org/licenses/by/3.0/">
                  <p>Distributed under a Creative Commons Attribution 3.0 Unported License.</p>
               </licence>
            </availability>
            <date>2016-05-09-04:00</date>
         </publicationStmt>
         <sourceDesc>
            <p>Born digital.</p>
         </sourceDesc>
      </fileDesc>
      <encodingDesc>
         <editorialDecl>
            <p>This record created following the LOGAR guidelines. 
                        Documentation available at: <ref target="http://logarandes.org/documentation">http://logarandes.org/documentation</ref>.</p>
         </editorialDecl>
      </encodingDesc>
      <revisionDesc>
         <change who="http://syriaca.org/documentation/editors.xml#wsalesky" n="1.0" when="2016-05-09-04:00">CREATED: place record</change>
      </revisionDesc>
   </teiHeader>
   <text>
      <body>
         <listPlace>
            <place xml:id="place-108" source="bib108-1">
               <placeName xml:id="name108-1" full="yes" type="standardized">San Pedro de Pillao de Querca</placeName>
               <placeName xml:id="name108-2" type="standardized-Spanish">San Pedro de</placeName>
               <placeName xml:id="name108-3" type="standardized-Andean">Querca</placeName>
               <placeName xml:id="name108-4" type="verbatim">san pedro de pillao de querca</placeName>
               <location type="ancient">
                  <region type="audiencia">Lima</region>
                  <region type="ciudad">Huanuco</region>
                  <region type="corregimiento">Jarama y Chinchacocha</region>
                  <region type="repartimiento">
                     <placeName type="standardized" full="yes">Yaros, Chaupe, Guarangas, y Tambo</placeName>
                     <placeName type="verbatim">yaros chaupe guarangas</placeName>
                  </region>
                  <settlement type="pueblo">San Pedro de Pillao de Querca</settlement>
               </location>
               <location type="modern">
                  <country>Peru</country>
                  <region type="province">Daniel Alcides Carrion</region>
                  <region type="department">Pasco</region>
                  <settlement type="pueblo">San Pedro de Pillao</settlement>
               </location>
               <location type="gps">
                  <geo>-10.43895794 -76.49493382</geo>
               </location>
               <location>
                  <geo>-10 26 20.24880 -076 29 41.76240</geo>
               </location>
               <note>This reducción also has some families from repartimiento Tambo (below). G 203: "El rrepart. de tambo... tiene 512 indios y 2508 personas rreduzidos en dos pueblos llamados san pedro de pellao y san bartolome."</note>
               <bibl xml:id="bib108-1">
                  <title>Levillier 1921-26 v9</title>
                  <citedRange unit="pp">203</citedRange>
               </bibl>
               <bibl xml:id="bib108-2">
                  <title>Levillier 1921-26 v9</title>
                  <citedRange unit="pp">203</citedRange>
               </bibl>
               <bibl xml:id="bib108-3">
                  <title>AGI Lima 464</title>
               </bibl>
               <idno type="URI">http://logarandes.org/place/108</idno>
               <note type="administrative" subtype="Moved">1</note>
               <note type="administrative" subtype="Move_ref">Google sat</note>
               <note type="administrative" subtype="Moved_by">Kohut</note>
               <note type="administrative" subtype="Move_date">12/8/2015</note>
               <note type="administrative" subtype="Delete_2">0</note>
            </place>
         </listPlace>
      </body>
   </text>
</TEI>