<TEI xmlns="http://www.tei-c.org/ns/1.0" xmlns:tei="http://www.tei-c.org/ns/1.0" xmlns:xd="http://www.oxygenxml.com/ns/doc/xsl" xml:lang="en">
   <teiHeader>
      <fileDesc>
         <titleStmt>
            <title level="a" xml:lang="es">La Concepcion de Conic</title>
            <title level="m">LOGAR Linked Open Gazetteer of the Andean Region</title>
            <sponsor>LOGAR Linked Open Gazetteer of the Andean Region</sponsor>
            <funder>The National Endowment for the Humanities</funder>
            <principal>Steven A. Wernke</principal>
            <principal>Akira Saito</principal>
            <editor role="creator">Steven A. Wernke</editor>
            <editor role="creator">Jeremy Mumford</editor>
            <respStmt>
               <resp>Editing, proofreading, data entry and revision by</resp>
               <name type="person" ref="http://syriaca.org/documentation/editors.xml#swernke">Steven A. Wernke</name>
            </respStmt>
            <respStmt>
               <resp>Editing, proofreading, data entry and revision by</resp>
               <name type="person" ref="http://syriaca.org/documentation/editors.xml#jmumford">Jeremy Mumford</name>
            </respStmt>
         </titleStmt>
         <editionStmt>
            <edition n="1.0"/>
         </editionStmt>
         <publicationStmt>
            <authority>LOGAR Linked Open Gazetteer of the Andean Region</authority>
            <idno type="URI">http://logarandes.org/place/119/tei</idno>
            <availability>
               <licence target="http://creativecommons.org/licenses/by/3.0/">
                  <p>Distributed under a Creative Commons Attribution 3.0 Unported License.</p>
               </licence>
            </availability>
            <date>2016-05-09-04:00</date>
         </publicationStmt>
         <sourceDesc>
            <p>Born digital.</p>
         </sourceDesc>
      </fileDesc>
      <encodingDesc>
         <editorialDecl>
            <p>This record created following the LOGAR guidelines. 
                        Documentation available at: <ref target="http://logarandes.org/documentation">http://logarandes.org/documentation</ref>.</p>
         </editorialDecl>
      </encodingDesc>
      <revisionDesc>
         <change who="http://syriaca.org/documentation/editors.xml#wsalesky" n="1.0" when="2016-05-09-04:00">CREATED: place record</change>
      </revisionDesc>
   </teiHeader>
   <text>
      <body>
         <listPlace>
            <place xml:id="place-119" source="bib119-1">
               <placeName xml:id="name119-1" full="yes" type="standardized">La Concepcion de Conic</placeName>
               <placeName xml:id="name119-2" type="standardized-Spanish">La Concepcion de</placeName>
               <placeName xml:id="name119-3" type="standardized-Andean">Conic</placeName>
               <placeName xml:id="name119-4" type="verbatim">la concepcion de conic</placeName>
               <location type="ancient">
                  <region type="audiencia">Lima</region>
                  <region type="ciudad">Huanuco</region>
                  <region type="corregimiento">Guamalies</region>
                  <region type="repartimiento">
                     <placeName type="standardized" full="yes">Ancas y Yacas</placeName>
                     <placeName type="verbatim">ancas y yacas</placeName>
                  </region>
                  <settlement type="pueblo">La Concepcion de Conic</settlement>
               </location>
               <location type="modern">
                  <country>Peru</country>
                  <region type="province">Pasco</region>
                  <region type="department">Pasco</region>
                  <settlement type="pueblo">Conoc</settlement>
               </location>
               <location type="gps">
                  <geo>-10.89777379 -76.40735364</geo>
               </location>
               <location>
                  <geo>-10 53 51.98640 -076 24 26.47440</geo>
               </location>
               <bibl xml:id="bib119-1">
                  <title>Levillier 1921-26 v9</title>
                  <citedRange unit="pp">202</citedRange>
               </bibl>
               <bibl xml:id="bib119-2">
                  <title>Levillier 1921-26 v9</title>
                  <citedRange unit="pp">202</citedRange>
               </bibl>
               <bibl xml:id="bib119-3">
                  <title>AGI Lima 464</title>
               </bibl>
               <idno type="URI">http://logarandes.org/place/119</idno>
               <note type="administrative" subtype="Moved">1</note>
               <note type="administrative" subtype="Move_ref">Digital Peru</note>
               <note type="administrative" subtype="Moved_by">Kohut</note>
               <note type="administrative" subtype="Move_date">3/29/2016</note>
               <note type="administrative" subtype="Delete_2">0</note>
            </place>
         </listPlace>
      </body>
   </text>
</TEI>