<TEI xmlns="http://www.tei-c.org/ns/1.0" xmlns:tei="http://www.tei-c.org/ns/1.0" xmlns:xd="http://www.oxygenxml.com/ns/doc/xsl" xml:lang="en">
   <teiHeader>
      <fileDesc>
         <titleStmt>
            <title level="a" xml:lang="es">San Francisco Higuare</title>
            <title level="m">LOGAR Linked Open Gazetteer of the Andean Region</title>
            <sponsor>LOGAR Linked Open Gazetteer of the Andean Region</sponsor>
            <funder>The National Endowment for the Humanities</funder>
            <principal>Steven A. Wernke</principal>
            <principal>Akira Saito</principal>
            <editor role="creator">Steven A. Wernke</editor>
            <editor role="creator">Jeremy Mumford</editor>
            <respStmt>
               <resp>Editing, proofreading, data entry and revision by</resp>
               <name type="person" ref="http://syriaca.org/documentation/editors.xml#swernke">Steven A. Wernke</name>
            </respStmt>
            <respStmt>
               <resp>Editing, proofreading, data entry and revision by</resp>
               <name type="person" ref="http://syriaca.org/documentation/editors.xml#jmumford">Jeremy Mumford</name>
            </respStmt>
         </titleStmt>
         <editionStmt>
            <edition n="1.0"/>
         </editionStmt>
         <publicationStmt>
            <authority>LOGAR Linked Open Gazetteer of the Andean Region</authority>
            <idno type="URI">http://logarandes.org/place/123/tei</idno>
            <availability>
               <licence target="http://creativecommons.org/licenses/by/3.0/">
                  <p>Distributed under a Creative Commons Attribution 3.0 Unported License.</p>
               </licence>
            </availability>
            <date>2016-05-09-04:00</date>
         </publicationStmt>
         <sourceDesc>
            <p>Born digital.</p>
         </sourceDesc>
      </fileDesc>
      <encodingDesc>
         <editorialDecl>
            <p>This record created following the LOGAR guidelines. 
                        Documentation available at: <ref target="http://logarandes.org/documentation">http://logarandes.org/documentation</ref>.</p>
         </editorialDecl>
      </encodingDesc>
      <revisionDesc>
         <change who="http://syriaca.org/documentation/editors.xml#wsalesky" n="1.0" when="2016-05-09-04:00">CREATED: place record</change>
      </revisionDesc>
   </teiHeader>
   <text>
      <body>
         <listPlace>
            <place xml:id="place-123" source="bib123-1">
               <placeName xml:id="name123-1" full="yes" type="standardized">San Francisco Higuare</placeName>
               <placeName xml:id="name123-2" type="standardized-Spanish">San Francisco</placeName>
               <placeName xml:id="name123-3" type="standardized-Andean">Higuare</placeName>
               <placeName xml:id="name123-4" type="verbatim">san Francisco higuare</placeName>
               <location type="ancient">
                  <region type="audiencia">Lima</region>
                  <region type="ciudad">Lima</region>
                  <region type="corregimiento">Arnedo</region>
                  <region type="repartimiento">
                     <placeName type="standardized" full="yes">Checras</placeName>
                     <placeName type="verbatim">checras</placeName>
                  </region>
                  <settlement type="pueblo">San Francisco Higuare</settlement>
               </location>
               <location type="modern">
                  <country>Peru</country>
                  <region type="province">Huaura</region>
                  <region type="department">Lima</region>
                  <settlement type="pueblo">Huaura</settlement>
               </location>
               <location type="gps">
                  <geo>-11.07008694 -77.59931626</geo>
               </location>
               <location>
                  <geo>-11 04 12.31320 -077 35 57.53760</geo>
               </location>
               <note>http://historiadehuaura.galeon.com/: "Fundación de la "Villa de Huaura" o de "Carrión de Velasco" 1597. Al pasar por el antiguo pueblo de Indios de Huaura, el 20 de Julio de 1596, el virrey don Luis de Velasco fue acogido con vivas muestras de simpatía p</note>
               <bibl xml:id="bib123-1">
                  <title>Levillier 1921-26 v9</title>
                  <citedRange unit="pp">197</citedRange>
               </bibl>
               <bibl xml:id="bib123-2">
                  <title>Levillier 1921-26 v9</title>
                  <citedRange unit="pp">197</citedRange>
               </bibl>
               <bibl xml:id="bib123-3">
                  <title>AGI Lima 464</title>
               </bibl>
               <idno type="URI">http://logarandes.org/place/123</idno>
               <note type="administrative" subtype="Moved">1</note>
               <note type="administrative" subtype="Move_ref">Google sat</note>
               <note type="administrative" subtype="MR_other_notes">and digital peru</note>
               <note type="administrative" subtype="Moved_by">Kohut</note>
               <note type="administrative" subtype="Move_date">3/24/2016</note>
               <note type="administrative" subtype="Delete_2">0</note>
            </place>
         </listPlace>
      </body>
   </text>
</TEI>