<TEI xmlns="http://www.tei-c.org/ns/1.0" xmlns:tei="http://www.tei-c.org/ns/1.0" xmlns:xd="http://www.oxygenxml.com/ns/doc/xsl" xml:lang="en">
   <teiHeader>
      <fileDesc>
         <titleStmt>
            <title level="a" xml:lang="es">San Bartolome</title>
            <title level="m">LOGAR Linked Open Gazetteer of the Andean Region</title>
            <sponsor>LOGAR Linked Open Gazetteer of the Andean Region</sponsor>
            <funder>The National Endowment for the Humanities</funder>
            <principal>Steven A. Wernke</principal>
            <principal>Akira Saito</principal>
            <editor role="creator">Steven A. Wernke</editor>
            <editor role="creator">Jeremy Mumford</editor>
            <respStmt>
               <resp>Editing, proofreading, data entry and revision by</resp>
               <name type="person" ref="http://syriaca.org/documentation/editors.xml#swernke">Steven A. Wernke</name>
            </respStmt>
            <respStmt>
               <resp>Editing, proofreading, data entry and revision by</resp>
               <name type="person" ref="http://syriaca.org/documentation/editors.xml#jmumford">Jeremy Mumford</name>
            </respStmt>
         </titleStmt>
         <editionStmt>
            <edition n="1.0"/>
         </editionStmt>
         <publicationStmt>
            <authority>LOGAR Linked Open Gazetteer of the Andean Region</authority>
            <idno type="URI">http://logarandes.org/place/125/tei</idno>
            <availability>
               <licence target="http://creativecommons.org/licenses/by/3.0/">
                  <p>Distributed under a Creative Commons Attribution 3.0 Unported License.</p>
               </licence>
            </availability>
            <date>2016-05-09-04:00</date>
         </publicationStmt>
         <sourceDesc>
            <p>Born digital.</p>
         </sourceDesc>
      </fileDesc>
      <encodingDesc>
         <editorialDecl>
            <p>This record created following the LOGAR guidelines. 
                        Documentation available at: <ref target="http://logarandes.org/documentation">http://logarandes.org/documentation</ref>.</p>
         </editorialDecl>
      </encodingDesc>
      <revisionDesc>
         <change who="http://syriaca.org/documentation/editors.xml#wsalesky" n="1.0" when="2016-05-09-04:00">CREATED: place record</change>
      </revisionDesc>
   </teiHeader>
   <text>
      <body>
         <listPlace>
            <place xml:id="place-125" source="bib125-1">
               <placeName xml:id="name125-1" full="yes" type="standardized">San Bartolome</placeName>
               <placeName xml:id="name125-2" type="standardized-Spanish">San Bartolome</placeName>
               <placeName xml:id="name125-4" type="verbatim">san bartolome</placeName>
               <location type="ancient">
                  <region type="audiencia">Lima</region>
                  <region type="ciudad">Lima</region>
                  <region type="repartimiento">
                     <placeName type="standardized" full="yes">Guaura</placeName>
                     <placeName type="verbatim">Guaura</placeName>
                  </region>
                  <region type="repartimiento">
                     <placeName type="standardized" full="yes">Begueta</placeName>
                     <placeName type="verbatim"/>
                  </region>
                  <settlement type="pueblo">San Bartolome</settlement>
               </location>
               <location type="modern">
                  <country>Peru</country>
                  <region type="province">Huaura</region>
                  <region type="department">Lima</region>
                  <settlement type="pueblo">Huacho</settlement>
               </location>
               <location type="gps">
                  <geo>-11.1085323 -77.61036514</geo>
               </location>
               <location>
                  <geo>-11 06 30.71520 -077 36 37.31400</geo>
               </location>
               <note>Use Huacho instead (capital of Huaura prov.): http://es.wikipedia.org/wiki/Huacho: "La gente de los caciques: Hualmay, Chontac, Huaura, fueron reunidos en terrenos pertenecientes al gran cacique Huacho, como aldea. El 24 de Agosto de 1571 se le bautizo c</note>
               <bibl xml:id="bib125-1">
                  <title>Levillier 1921-26 v9</title>
                  <citedRange unit="pp">197</citedRange>
               </bibl>
               <bibl xml:id="bib125-2">
                  <title>Levillier 1921-26 v9</title>
                  <citedRange unit="pp">197</citedRange>
               </bibl>
               <bibl xml:id="bib125-3">
                  <title>AGI Lima 464</title>
               </bibl>
               <idno type="URI">http://logarandes.org/place/125</idno>
               <note type="administrative" subtype="Moved">1</note>
               <note type="administrative" subtype="Move_ref">Google sat</note>
               <note type="administrative" subtype="MR_other_notes">Online sourced say Huacho was established first as "San Bartolome de Huacho"</note>
               <note type="administrative" subtype="Moved_by">Kohut</note>
               <note type="administrative" subtype="Move_date">3/24/2016</note>
               <note type="administrative" subtype="Delete_2">0</note>
            </place>
         </listPlace>
      </body>
   </text>
</TEI>