<TEI xmlns="http://www.tei-c.org/ns/1.0" xmlns:tei="http://www.tei-c.org/ns/1.0" xmlns:xd="http://www.oxygenxml.com/ns/doc/xsl" xml:lang="en">
   <teiHeader>
      <fileDesc>
         <titleStmt>
            <title level="a" xml:lang="es">Santa Ana de Ribera</title>
            <title level="m">LOGAR Linked Open Gazetteer of the Andean Region</title>
            <sponsor>LOGAR Linked Open Gazetteer of the Andean Region</sponsor>
            <funder>The National Endowment for the Humanities</funder>
            <principal>Steven A. Wernke</principal>
            <principal>Akira Saito</principal>
            <editor role="creator">Steven A. Wernke</editor>
            <editor role="creator">Jeremy Mumford</editor>
            <respStmt>
               <resp>Editing, proofreading, data entry and revision by</resp>
               <name type="person" ref="http://syriaca.org/documentation/editors.xml#swernke">Steven A. Wernke</name>
            </respStmt>
            <respStmt>
               <resp>Editing, proofreading, data entry and revision by</resp>
               <name type="person" ref="http://syriaca.org/documentation/editors.xml#jmumford">Jeremy Mumford</name>
            </respStmt>
         </titleStmt>
         <editionStmt>
            <edition n="1.0"/>
         </editionStmt>
         <publicationStmt>
            <authority>LOGAR Linked Open Gazetteer of the Andean Region</authority>
            <idno type="URI">http://logarandes.org/place/135/tei</idno>
            <availability>
               <licence target="http://creativecommons.org/licenses/by/3.0/">
                  <p>Distributed under a Creative Commons Attribution 3.0 Unported License.</p>
               </licence>
            </availability>
            <date>2016-05-09-04:00</date>
         </publicationStmt>
         <sourceDesc>
            <p>Born digital.</p>
         </sourceDesc>
      </fileDesc>
      <encodingDesc>
         <editorialDecl>
            <p>This record created following the LOGAR guidelines. 
                        Documentation available at: <ref target="http://logarandes.org/documentation">http://logarandes.org/documentation</ref>.</p>
         </editorialDecl>
      </encodingDesc>
      <revisionDesc>
         <change who="http://syriaca.org/documentation/editors.xml#wsalesky" n="1.0" when="2016-05-09-04:00">CREATED: place record</change>
      </revisionDesc>
   </teiHeader>
   <text>
      <body>
         <listPlace>
            <place xml:id="place-135" source="bib135-1">
               <placeName xml:id="name135-1" full="yes" type="standardized">Santa Ana de Ribera</placeName>
               <placeName xml:id="name135-2" type="standardized-Spanish">Santa Ana de</placeName>
               <placeName xml:id="name135-3" type="standardized-Andean">Ribera</placeName>
               <placeName xml:id="name135-4" type="verbatim">santa ana de rribera</placeName>
               <location type="ancient">
                  <region type="audiencia">Lima</region>
                  <region type="ciudad">Huanuco</region>
                  <region type="corregimiento">Jarama y Chinchacocha</region>
                  <region type="repartimiento">
                     <placeName type="standardized" full="yes">Tarama</placeName>
                     <placeName type="verbatim">tarama</placeName>
                  </region>
                  <settlement type="pueblo">Santa Ana de Ribera</settlement>
               </location>
               <location type="modern">
                  <country>Peru</country>
                  <region type="province">Tarma</region>
                  <region type="department">Junín</region>
                  <settlement type="pueblo">Tarma</settlement>
               </location>
               <location type="gps">
                  <geo>-11.41997606 -75.68769867</geo>
               </location>
               <location>
                  <geo>-11 25 11.91360 -075 41 15.71640</geo>
               </location>
               <note>(according to Wikipedia, this full name is Santa Ana de Ribera de Tarma)</note>
               <bibl xml:id="bib135-1">
                  <title>Levillier 1921-26 v9</title>
                  <citedRange unit="pp">204</citedRange>
               </bibl>
               <bibl xml:id="bib135-2">
                  <title>Levillier 1921-26 v9</title>
                  <citedRange unit="pp">204</citedRange>
               </bibl>
               <bibl xml:id="bib135-3">
                  <title>AGI Lima 464</title>
               </bibl>
               <idno type="URI">http://logarandes.org/place/135</idno>
               <note type="administrative" subtype="Moved">1</note>
               <note type="administrative" subtype="Move_ref">Bing sat</note>
               <note type="administrative" subtype="Moved_by">Kohut</note>
               <note type="administrative" subtype="Move_date">3/2/2016</note>
               <note type="administrative" subtype="Delete_2">0</note>
            </place>
         </listPlace>
      </body>
   </text>
</TEI>