<TEI xmlns="http://www.tei-c.org/ns/1.0" xmlns:tei="http://www.tei-c.org/ns/1.0" xmlns:xd="http://www.oxygenxml.com/ns/doc/xsl" xml:lang="en">
   <teiHeader>
      <fileDesc>
         <titleStmt>
            <title level="a" xml:lang="es">La Concepcion [de Canta]</title>
            <title level="m">LOGAR Linked Open Gazetteer of the Andean Region</title>
            <sponsor>LOGAR Linked Open Gazetteer of the Andean Region</sponsor>
            <funder>The National Endowment for the Humanities</funder>
            <principal>Steven A. Wernke</principal>
            <principal>Akira Saito</principal>
            <editor role="creator">Steven A. Wernke</editor>
            <editor role="creator">Jeremy Mumford</editor>
            <respStmt>
               <resp>Editing, proofreading, data entry and revision by</resp>
               <name type="person" ref="http://syriaca.org/documentation/editors.xml#swernke">Steven A. Wernke</name>
            </respStmt>
            <respStmt>
               <resp>Editing, proofreading, data entry and revision by</resp>
               <name type="person" ref="http://syriaca.org/documentation/editors.xml#jmumford">Jeremy Mumford</name>
            </respStmt>
         </titleStmt>
         <editionStmt>
            <edition n="1.0"/>
         </editionStmt>
         <publicationStmt>
            <authority>LOGAR Linked Open Gazetteer of the Andean Region</authority>
            <idno type="URI">http://logarandes.org/place/136/tei</idno>
            <availability>
               <licence target="http://creativecommons.org/licenses/by/3.0/">
                  <p>Distributed under a Creative Commons Attribution 3.0 Unported License.</p>
               </licence>
            </availability>
            <date>2016-05-09-04:00</date>
         </publicationStmt>
         <sourceDesc>
            <p>Born digital.</p>
         </sourceDesc>
      </fileDesc>
      <encodingDesc>
         <editorialDecl>
            <p>This record created following the LOGAR guidelines. 
                        Documentation available at: <ref target="http://logarandes.org/documentation">http://logarandes.org/documentation</ref>.</p>
         </editorialDecl>
      </encodingDesc>
      <revisionDesc>
         <change who="http://syriaca.org/documentation/editors.xml#wsalesky" n="1.0" when="2016-05-09-04:00">CREATED: place record</change>
      </revisionDesc>
   </teiHeader>
   <text>
      <body>
         <listPlace>
            <place xml:id="place-136" source="bib136-1">
               <placeName xml:id="name136-1" full="yes" type="standardized">La Concepcion [de Canta]</placeName>
               <placeName xml:id="name136-2" type="standardized-Spanish">La Concepcion</placeName>
               <placeName xml:id="name136-3" type="standardized-Andean">[Canta]</placeName>
               <placeName xml:id="name136-4" type="verbatim">la concepcion</placeName>
               <location type="ancient">
                  <region type="audiencia">Lima</region>
                  <region type="ciudad">Lima</region>
                  <region type="corregimiento">Canta</region>
                  <region type="repartimiento">
                     <placeName type="standardized" full="yes">Canta</placeName>
                     <placeName type="verbatim">canta</placeName>
                  </region>
                  <settlement type="pueblo">La Concepcion [de Canta]</settlement>
               </location>
               <location type="modern">
                  <country>Peru</country>
                  <region type="province">Canta</region>
                  <region type="department">Lima</region>
                  <settlement type="pueblo">Canta</settlement>
               </location>
               <location type="gps">
                  <geo>-11.46700265 -76.62473089</geo>
               </location>
               <location>
                  <geo>-11 28 01.21080 -076 37 29.03160</geo>
               </location>
               <note>Yes. [Mills, Idolatry and its Enemies, 167n, refers to an idolatry investigation in La Concepcion de Canta.]</note>
               <bibl xml:id="bib136-1">
                  <title>Levillier 1921-26 v9</title>
                  <citedRange unit="pp">192</citedRange>
               </bibl>
               <bibl xml:id="bib136-2">
                  <title>Levillier 1921-26 v9</title>
                  <citedRange unit="pp">192</citedRange>
               </bibl>
               <bibl xml:id="bib136-3">
                  <title>AGI Lima 464</title>
               </bibl>
               <idno type="URI">http://logarandes.org/place/136</idno>
               <note type="administrative" subtype="Moved">1</note>
               <note type="administrative" subtype="Move_ref">Google sat</note>
               <note type="administrative" subtype="Moved_by">Kohut</note>
               <note type="administrative" subtype="Move_date">12/10/2015</note>
               <note type="administrative" subtype="Delete_2">0</note>
            </place>
         </listPlace>
      </body>
   </text>
</TEI>