<TEI xmlns="http://www.tei-c.org/ns/1.0" xmlns:tei="http://www.tei-c.org/ns/1.0" xmlns:xd="http://www.oxygenxml.com/ns/doc/xsl" xml:lang="en">
   <teiHeader>
      <fileDesc>
         <titleStmt>
            <title level="a" xml:lang="es">[Nuestra Señora de la Concepcion de] Lapa</title>
            <title level="m">LOGAR Linked Open Gazetteer of the Andean Region</title>
            <sponsor>LOGAR Linked Open Gazetteer of the Andean Region</sponsor>
            <funder>The National Endowment for the Humanities</funder>
            <principal>Steven A. Wernke</principal>
            <principal>Akira Saito</principal>
            <editor role="creator">Steven A. Wernke</editor>
            <editor role="creator">Jeremy Mumford</editor>
            <respStmt>
               <resp>Editing, proofreading, data entry and revision by</resp>
               <name type="person" ref="http://syriaca.org/documentation/editors.xml#swernke">Steven A. Wernke</name>
            </respStmt>
            <respStmt>
               <resp>Editing, proofreading, data entry and revision by</resp>
               <name type="person" ref="http://syriaca.org/documentation/editors.xml#jmumford">Jeremy Mumford</name>
            </respStmt>
         </titleStmt>
         <editionStmt>
            <edition n="1.0"/>
         </editionStmt>
         <publicationStmt>
            <authority>LOGAR Linked Open Gazetteer of the Andean Region</authority>
            <idno type="URI">http://logarandes.org/place/155/tei</idno>
            <availability>
               <licence target="http://creativecommons.org/licenses/by/3.0/">
                  <p>Distributed under a Creative Commons Attribution 3.0 Unported License.</p>
               </licence>
            </availability>
            <date>2016-05-09-04:00</date>
         </publicationStmt>
         <sourceDesc>
            <p>Born digital.</p>
         </sourceDesc>
      </fileDesc>
      <encodingDesc>
         <editorialDecl>
            <p>This record created following the LOGAR guidelines. 
                        Documentation available at: <ref target="http://logarandes.org/documentation">http://logarandes.org/documentation</ref>.</p>
         </editorialDecl>
      </encodingDesc>
      <revisionDesc>
         <change who="http://syriaca.org/documentation/editors.xml#wsalesky" n="1.0" when="2016-05-09-04:00">CREATED: place record</change>
      </revisionDesc>
   </teiHeader>
   <text>
      <body>
         <listPlace>
            <place xml:id="place-155" source="bib155-1">
               <placeName xml:id="name155-1" full="yes" type="standardized">[Nuestra Señora de la Concepcion de] Lapa</placeName>
               <placeName xml:id="name155-2" type="standardized-Spanish">[Nuestra Señora de]</placeName>
               <placeName xml:id="name155-3" type="standardized-Andean">Lapa</placeName>
               <placeName xml:id="name155-4" type="verbatim">la concepcion de lapa</placeName>
               <location type="ancient">
                  <region type="audiencia">Lima</region>
                  <region type="ciudad">Lima</region>
                  <region type="corregimiento">Jauja</region>
                  <region type="repartimiento">
                     <placeName type="standardized" full="yes">Huringuanca</placeName>
                     <placeName type="verbatim">Huringuanca</placeName>
                  </region>
                  <settlement type="pueblo">[Nuestra Señora de la Concepcion de] Lapa</settlement>
               </location>
               <location type="modern">
                  <country>Peru</country>
                  <region type="province">Concepción</region>
                  <region type="department">Junín</region>
                  <settlement type="pueblo">Concepcion</settlement>
                  <note type="modern-location">Capital</note>
               </location>
               <location type="gps">
                  <geo>-11.9184472 -75.31295177</geo>
               </location>
               <location>
                  <geo>-11 55 06.40920 -075 18 46.62720</geo>
               </location>
               <note>Wikipedia: "Fue fundada por los conquistadores españoles el 8 de diciembre de 1537.1 con el nombre de Concepción de Lapa. "</note>
               <bibl xml:id="bib155-1">
                  <title>Levillier 1921-26 v9</title>
                  <citedRange unit="pp">190</citedRange>
               </bibl>
               <bibl xml:id="bib155-2">
                  <title>Levillier 1921-26 v9</title>
                  <citedRange unit="pp">190</citedRange>
               </bibl>
               <bibl xml:id="bib155-3">
                  <title>AGI Lima 464</title>
               </bibl>
               <idno type="URI">http://logarandes.org/place/155</idno>
               <note type="administrative" subtype="Moved">1</note>
               <note type="administrative" subtype="Move_ref">Google sat</note>
               <note type="administrative" subtype="Moved_by">Kohut</note>
               <note type="administrative" subtype="Move_date">12/7/2015</note>
               <note type="administrative" subtype="Delete_2">0</note>
            </place>
         </listPlace>
      </body>
   </text>
</TEI>