<TEI xmlns="http://www.tei-c.org/ns/1.0" xmlns:tei="http://www.tei-c.org/ns/1.0" xmlns:xd="http://www.oxygenxml.com/ns/doc/xsl" xml:lang="en">
   <teiHeader>
      <fileDesc>
         <titleStmt>
            <title level="a" xml:lang="es">San Pedro de Mama</title>
            <title level="m">LOGAR Linked Open Gazetteer of the Andean Region</title>
            <sponsor>LOGAR Linked Open Gazetteer of the Andean Region</sponsor>
            <funder>The National Endowment for the Humanities</funder>
            <principal>Steven A. Wernke</principal>
            <principal>Akira Saito</principal>
            <editor role="creator">Steven A. Wernke</editor>
            <editor role="creator">Jeremy Mumford</editor>
            <respStmt>
               <resp>Editing, proofreading, data entry and revision by</resp>
               <name type="person" ref="http://syriaca.org/documentation/editors.xml#swernke">Steven A. Wernke</name>
            </respStmt>
            <respStmt>
               <resp>Editing, proofreading, data entry and revision by</resp>
               <name type="person" ref="http://syriaca.org/documentation/editors.xml#jmumford">Jeremy Mumford</name>
            </respStmt>
         </titleStmt>
         <editionStmt>
            <edition n="1.0"/>
         </editionStmt>
         <publicationStmt>
            <authority>LOGAR Linked Open Gazetteer of the Andean Region</authority>
            <idno type="URI">http://logarandes.org/place/156/tei</idno>
            <availability>
               <licence target="http://creativecommons.org/licenses/by/3.0/">
                  <p>Distributed under a Creative Commons Attribution 3.0 Unported License.</p>
               </licence>
            </availability>
            <date>2016-05-09-04:00</date>
         </publicationStmt>
         <sourceDesc>
            <p>Born digital.</p>
         </sourceDesc>
      </fileDesc>
      <encodingDesc>
         <editorialDecl>
            <p>This record created following the LOGAR guidelines. 
                        Documentation available at: <ref target="http://logarandes.org/documentation">http://logarandes.org/documentation</ref>.</p>
         </editorialDecl>
      </encodingDesc>
      <revisionDesc>
         <change who="http://syriaca.org/documentation/editors.xml#wsalesky" n="1.0" when="2016-05-09-04:00">CREATED: place record</change>
      </revisionDesc>
   </teiHeader>
   <text>
      <body>
         <listPlace>
            <place xml:id="place-156" source="bib156-1">
               <placeName xml:id="name156-1" full="yes" type="standardized">San Pedro de Mama</placeName>
               <placeName xml:id="name156-2" type="standardized-Spanish">San Pedro de</placeName>
               <placeName xml:id="name156-4" type="verbatim">san pedro de mama</placeName>
               <location type="ancient">
                  <region type="audiencia">Lima</region>
                  <region type="ciudad">Lima</region>
                  <region type="corregimiento">Huarochirí</region>
                  <region type="repartimiento">
                     <placeName type="standardized" full="yes">Mama</placeName>
                     <placeName type="verbatim">Mama</placeName>
                  </region>
                  <settlement type="pueblo">San Pedro de Mama</settlement>
               </location>
               <location type="modern">
                  <country>Peru</country>
                  <region type="province">Huarochirí</region>
                  <region type="department">Lima</region>
                  <settlement type="pueblo">Ricardo Palma</settlement>
               </location>
               <location type="gps">
                  <geo>-11.92380557 -76.66496242</geo>
               </location>
               <location>
                  <geo>-11 55 25.70160 -076 39 53.86320</geo>
               </location>
               <note>I think this is the place called Ricardo Palma, at the fork of the rivers Rimac and Santa Eulalia, which appears in GE as CAFAE-MININTER (I have no idea what that means. (See http://www.peruturismo.com/CateInfo.asp?CateInfoI=8). Pin as Ricardo Palma.</note>
               <bibl xml:id="bib156-1">
                  <title>Levillier 1921-26 v9</title>
                  <citedRange unit="pp">191</citedRange>
               </bibl>
               <bibl xml:id="bib156-2">
                  <title>Levillier 1921-26 v9</title>
                  <citedRange unit="pp">191</citedRange>
               </bibl>
               <bibl xml:id="bib156-3">
                  <title>AGI Lima 464</title>
               </bibl>
               <idno type="URI">http://logarandes.org/place/156</idno>
               <note type="administrative" subtype="Moved">1</note>
               <note type="administrative" subtype="Move_ref">Google sat</note>
               <note type="administrative" subtype="MR_other_notes">According to Carla, modern name is Ricardo Palma</note>
               <note type="administrative" subtype="Moved_by">Kohut</note>
               <note type="administrative" subtype="Move_date">3/28/2016</note>
               <note type="administrative" subtype="Delete_2">0</note>
            </place>
         </listPlace>
      </body>
   </text>
</TEI>