<TEI xmlns="http://www.tei-c.org/ns/1.0" xmlns:tei="http://www.tei-c.org/ns/1.0" xmlns:xd="http://www.oxygenxml.com/ns/doc/xsl" xml:lang="en">
   <teiHeader>
      <fileDesc>
         <titleStmt>
            <title level="a" xml:lang="es">[Santo Domingo de] Yauyos</title>
            <title level="m">LOGAR Linked Open Gazetteer of the Andean Region</title>
            <sponsor>LOGAR Linked Open Gazetteer of the Andean Region</sponsor>
            <funder>The National Endowment for the Humanities</funder>
            <principal>Steven A. Wernke</principal>
            <principal>Akira Saito</principal>
            <editor role="creator">Steven A. Wernke</editor>
            <editor role="creator">Jeremy Mumford</editor>
            <respStmt>
               <resp>Editing, proofreading, data entry and revision by</resp>
               <name type="person" ref="http://syriaca.org/documentation/editors.xml#swernke">Steven A. Wernke</name>
            </respStmt>
            <respStmt>
               <resp>Editing, proofreading, data entry and revision by</resp>
               <name type="person" ref="http://syriaca.org/documentation/editors.xml#jmumford">Jeremy Mumford</name>
            </respStmt>
         </titleStmt>
         <editionStmt>
            <edition n="1.0"/>
         </editionStmt>
         <publicationStmt>
            <authority>LOGAR Linked Open Gazetteer of the Andean Region</authority>
            <idno type="URI">http://logarandes.org/place/182/tei</idno>
            <availability>
               <licence target="http://creativecommons.org/licenses/by/3.0/">
                  <p>Distributed under a Creative Commons Attribution 3.0 Unported License.</p>
               </licence>
            </availability>
            <date>2016-05-09-04:00</date>
         </publicationStmt>
         <sourceDesc>
            <p>Born digital.</p>
         </sourceDesc>
      </fileDesc>
      <encodingDesc>
         <editorialDecl>
            <p>This record created following the LOGAR guidelines. 
                        Documentation available at: <ref target="http://logarandes.org/documentation">http://logarandes.org/documentation</ref>.</p>
         </editorialDecl>
      </encodingDesc>
      <revisionDesc>
         <change who="http://syriaca.org/documentation/editors.xml#wsalesky" n="1.0" when="2016-05-09-04:00">CREATED: place record</change>
      </revisionDesc>
   </teiHeader>
   <text>
      <body>
         <listPlace>
            <place xml:id="place-182" source="bib182-1">
               <placeName xml:id="name182-1" full="yes" type="standardized">[Santo Domingo de] Yauyos</placeName>
               <placeName xml:id="name182-2" type="standardized-Spanish">[Santo Domingo de]</placeName>
               <placeName xml:id="name182-3" type="standardized-Andean">Yauyos</placeName>
               <placeName xml:id="name182-4" type="verbatim">yauyos</placeName>
               <location type="ancient">
                  <region type="audiencia">Lima</region>
                  <region type="ciudad">Lima</region>
                  <region type="corregimiento">Yauyos</region>
                  <region type="repartimiento">
                     <placeName type="standardized" full="yes">Yauyos</placeName>
                     <placeName type="verbatim">yauyos</placeName>
                  </region>
                  <region type="repartimiento">
                     <placeName type="standardized" full="yes">Mancos y Laraos</placeName>
                     <placeName type="verbatim"/>
                  </region>
                  <settlement type="pueblo">[Santo Domingo de] Yauyos</settlement>
               </location>
               <location type="modern">
                  <country>Peru</country>
                  <region type="province">Yauyos</region>
                  <region type="department">Lima</region>
                  <settlement type="pueblo">Yauyos</settlement>
               </location>
               <location type="gps">
                  <geo>-12.45967689 -75.91870169</geo>
               </location>
               <location>
                  <geo>-12 27 34.83720 -075 55 07.32720</geo>
               </location>
               <note>Coordinates from: http://en.wikipedia.org/wiki/Yauyos (GE seems to only have a location for the Province, oddly)</note>
               <bibl xml:id="bib182-1">
                  <title>Levillier 1921-26 v9</title>
                  <citedRange unit="pp">192</citedRange>
               </bibl>
               <bibl xml:id="bib182-2">
                  <title>Levillier 1921-26 v9</title>
                  <citedRange unit="pp">192</citedRange>
               </bibl>
               <bibl xml:id="bib182-3">
                  <title>AGI Lima 464</title>
               </bibl>
               <idno type="URI">http://logarandes.org/place/182</idno>
               <note type="administrative" subtype="Moved">1</note>
               <note type="administrative" subtype="Move_ref">Google sat</note>
               <note type="administrative" subtype="Moved_by">Kohut</note>
               <note type="administrative" subtype="Move_date">12/8/2015</note>
               <note type="administrative" subtype="Delete_2">0</note>
            </place>
         </listPlace>
      </body>
   </text>
</TEI>