<TEI xmlns="http://www.tei-c.org/ns/1.0" xmlns:tei="http://www.tei-c.org/ns/1.0" xmlns:xd="http://www.oxygenxml.com/ns/doc/xsl" xml:lang="en">
   <teiHeader>
      <fileDesc>
         <titleStmt>
            <title level="a" xml:lang="es">La Santa Trinidad de Guando [Huando]</title>
            <title level="m">LOGAR Linked Open Gazetteer of the Andean Region</title>
            <sponsor>LOGAR Linked Open Gazetteer of the Andean Region</sponsor>
            <funder>The National Endowment for the Humanities</funder>
            <principal>Steven A. Wernke</principal>
            <principal>Akira Saito</principal>
            <editor role="creator">Steven A. Wernke</editor>
            <editor role="creator">Jeremy Mumford</editor>
            <respStmt>
               <resp>Editing, proofreading, data entry and revision by</resp>
               <name type="person" ref="http://syriaca.org/documentation/editors.xml#swernke">Steven A. Wernke</name>
            </respStmt>
            <respStmt>
               <resp>Editing, proofreading, data entry and revision by</resp>
               <name type="person" ref="http://syriaca.org/documentation/editors.xml#jmumford">Jeremy Mumford</name>
            </respStmt>
         </titleStmt>
         <editionStmt>
            <edition n="1.0"/>
         </editionStmt>
         <publicationStmt>
            <authority>LOGAR Linked Open Gazetteer of the Andean Region</authority>
            <idno type="URI">http://logarandes.org/place/183/tei</idno>
            <availability>
               <licence target="http://creativecommons.org/licenses/by/3.0/">
                  <p>Distributed under a Creative Commons Attribution 3.0 Unported License.</p>
               </licence>
            </availability>
            <date>2016-05-09-04:00</date>
         </publicationStmt>
         <sourceDesc>
            <p>Born digital.</p>
         </sourceDesc>
      </fileDesc>
      <encodingDesc>
         <editorialDecl>
            <p>This record created following the LOGAR guidelines. 
                        Documentation available at: <ref target="http://logarandes.org/documentation">http://logarandes.org/documentation</ref>.</p>
         </editorialDecl>
      </encodingDesc>
      <revisionDesc>
         <change who="http://syriaca.org/documentation/editors.xml#wsalesky" n="1.0" when="2016-05-09-04:00">CREATED: place record</change>
      </revisionDesc>
   </teiHeader>
   <text>
      <body>
         <listPlace>
            <place xml:id="place-183" source="bib183-1">
               <placeName xml:id="name183-1" full="yes" type="standardized">La Santa Trinidad de Guando [Huando]</placeName>
               <placeName xml:id="name183-2" type="standardized-Spanish">La Santa Trinidad de</placeName>
               <placeName xml:id="name183-3" type="standardized-Andean">Guando [Huando]</placeName>
               <placeName xml:id="name183-4" type="verbatim">la santa trinidad de Guando</placeName>
               <location type="ancient">
                  <region type="audiencia">Lima</region>
                  <region type="ciudad">Guamanga</region>
                  <region type="corregimiento">Angaraes</region>
                  <region type="repartimiento">
                     <placeName type="standardized" full="yes">Angaraes (Ines de Villalobos)</placeName>
                     <placeName type="verbatim">angaraes encomendado de doña Ynes de Villalobos</placeName>
                  </region>
                  <settlement type="pueblo">La Santa Trinidad de Guando [Huando]</settlement>
               </location>
               <location type="gps">
                  <geo>-12.56436393 -74.94732262</geo>
               </location>
               <location>
                  <geo>-12 33 51.71040 -074 56 50.36280</geo>
               </location>
               <note>Coordinates from: http://www.maplandia.com/peru/huancavelica/tayacaja/huando/</note>
               <bibl xml:id="bib183-1">
                  <title>Levillier 1921-26 v9</title>
                  <citedRange unit="pp">179</citedRange>
               </bibl>
               <bibl xml:id="bib183-2">
                  <title>Levillier 1921-26 v9</title>
                  <citedRange unit="pp">179</citedRange>
               </bibl>
               <bibl xml:id="bib183-3">
                  <title>AGI Lima 464</title>
               </bibl>
               <idno type="URI">http://logarandes.org/place/183</idno>
               <note type="administrative" subtype="Moved">1</note>
               <note type="administrative" subtype="Move_ref">Google sat</note>
               <note type="administrative" subtype="Moved_by">Kohut</note>
               <note type="administrative" subtype="Move_date">12/7/2015</note>
               <note type="administrative" subtype="Delete_2">0</note>
            </place>
         </listPlace>
      </body>
   </text>
</TEI>