<TEI xmlns="http://www.tei-c.org/ns/1.0" xmlns:tei="http://www.tei-c.org/ns/1.0" xmlns:xd="http://www.oxygenxml.com/ns/doc/xsl" xml:lang="en">
   <teiHeader>
      <fileDesc>
         <titleStmt>
            <title level="a" xml:lang="es">Ocororo</title>
            <title level="m">LOGAR Linked Open Gazetteer of the Andean Region</title>
            <sponsor>LOGAR Linked Open Gazetteer of the Andean Region</sponsor>
            <funder>The National Endowment for the Humanities</funder>
            <principal>Steven A. Wernke</principal>
            <principal>Akira Saito</principal>
            <editor role="creator">Steven A. Wernke</editor>
            <editor role="creator">Jeremy Mumford</editor>
                <editor role="creator">Nozomi Mizota</editor>
            <respStmt>
               <resp>Editing, proofreading, data entry and revision by</resp>
               <name type="person" ref="http://syriaca.org/documentation/editors.xml#swernke">Steven A. Wernke</name>
            </respStmt>
            <respStmt>
               <resp>Editing, proofreading, data entry and revision by</resp>
               <name type="person" ref="http://syriaca.org/documentation/editors.xml#jmumford">Jeremy Mumford</name>
            </respStmt>
                <respStmt>
                    <resp>Editing for locational accuracy by </resp>
                    <name type="person">Nozomi Mizota</name>
                </respStmt>
         </titleStmt>
         <editionStmt>
            <edition n="1.0"/>
         </editionStmt>
         <publicationStmt>
            <authority>LOGAR Linked Open Gazetteer of the Andean Region</authority>
            <idno type="URI">http://logarandes.org/place/185/tei</idno>
            <availability>
               <licence target="http://creativecommons.org/licenses/by/3.0/">
                  <p>Distributed under a Creative Commons Attribution 3.0 Unported License.</p>
               </licence>
            </availability>
            <date>2016-05-09-04:00</date>
         </publicationStmt>
         <sourceDesc>
            <p>Born digital.</p>
         </sourceDesc>
      </fileDesc>
      <encodingDesc>
         <editorialDecl>
            <p>This record created following the LOGAR guidelines. 
                        Documentation available at: <ref target="http://logarandes.org/documentation">http://logarandes.org/documentation</ref>.</p>
         </editorialDecl>
      </encodingDesc>
      <revisionDesc>
         <change who="http://syriaca.org/documentation/editors.xml#admin" n="1.0" when="2016-05-09-04:00">Location corrections provided by Akira Saito of the National Museum of Ethnology, Japan and his team. </change>
            <change who="http://syriaca.org/documentation/editors.xml#wsalesky" n="1.0" when="2016-05-09-04:00">CREATED: place record</change>
      </revisionDesc>
   </teiHeader>
   <text>
      <body>
         <listPlace>
            <place xml:id="place-185" source="bib185-1">
               <placeName xml:id="name185-1" full="yes" type="standardized">Ocororo</placeName>
               <placeName xml:id="name185-3" type="standardized-Andean">Ocororo</placeName>
               <placeName xml:id="name185-4" type="verbatim">ocororo</placeName>
               <location type="ancient">
                  <region type="audiencia">Lima</region>
                  <region type="ciudad">Guamanga</region>
                  <region type="corregimiento">Asangaro</region>
                  <region type="repartimiento">
                     <placeName type="standardized" full="yes">Tayacaxa</placeName>
                     <placeName type="verbatim">tayacaxa</placeName>
                  </region>
                  <settlement type="pueblo">Ocororo</settlement>
               </location>
               <location type="modern">
                  <country>Peru</country>
                  <region type="province">Conayca</region>
                  <region type="department">Huancavelica</region>
                  <settlement type="pueblo">Occoro</settlement>
               </location>
               <location type="gps" source="#bib185-3">
                        <geo>-13.21569 -74.03876</geo>
                    </location>
               <location>
                  <geo>-12 35 41.35920 -075 01 10.54200</geo>
               </location>
               <note>This pin should be labeled Occoro and put in the same location as Conayca. Nuevo Occoro is a different location. -- "La comunidad madre de Occoro Viejo, era anexo del distrito de Conayca": http://es.wikipedia.org/wiki/Distrito_de_Nuevo_Occoro - Coordinat</note>
               <bibl xml:id="bib185-1">
                  <title>Levillier 1921-26 v9</title>
                  <citedRange unit="pp">182</citedRange>
               </bibl>
               <bibl xml:id="bib185-2">
                  <title>Levillier 1921-26 v9</title>
                  <citedRange unit="pp">182</citedRange>
               </bibl>
               <bibl xml:id="bib185-3">
                  <title>AGI Lima 464</title>
               <citedRange unit="part">31v</citedRange>
                    </bibl>
               <idno type="URI">http://logarandes.org/place/185</idno>
               <note type="administrative" subtype="Moved">1</note>
               <note type="administrative" subtype="Move_ref">Google sat</note>
               <note type="administrative" subtype="Moved_by">Kohut</note>
               <note type="administrative" subtype="Move_date">12/7/2015</note>
               <note type="administrative" subtype="Delete_2">0</note>
            </place>
         </listPlace>
      </body>
   </text>
</TEI>