<TEI xmlns="http://www.tei-c.org/ns/1.0" xmlns:tei="http://www.tei-c.org/ns/1.0" xmlns:xd="http://www.oxygenxml.com/ns/doc/xsl" xml:lang="en">
   <teiHeader>
      <fileDesc>
         <titleStmt>
            <title level="a" xml:lang="es">San Alfonso de Chilcapampa</title>
            <title level="m">LOGAR Linked Open Gazetteer of the Andean Region</title>
            <sponsor>LOGAR Linked Open Gazetteer of the Andean Region</sponsor>
            <funder>The National Endowment for the Humanities</funder>
            <principal>Steven A. Wernke</principal>
            <principal>Akira Saito</principal>
            <editor role="creator">Steven A. Wernke</editor>
            <editor role="creator">Jeremy Mumford</editor>
            <respStmt>
               <resp>Editing, proofreading, data entry and revision by</resp>
               <name type="person" ref="http://syriaca.org/documentation/editors.xml#swernke">Steven A. Wernke</name>
            </respStmt>
            <respStmt>
               <resp>Editing, proofreading, data entry and revision by</resp>
               <name type="person" ref="http://syriaca.org/documentation/editors.xml#jmumford">Jeremy Mumford</name>
            </respStmt>
         </titleStmt>
         <editionStmt>
            <edition n="1.0"/>
         </editionStmt>
         <publicationStmt>
            <authority>LOGAR Linked Open Gazetteer of the Andean Region</authority>
            <idno type="URI">http://logarandes.org/place/193/tei</idno>
            <availability>
               <licence target="http://creativecommons.org/licenses/by/3.0/">
                  <p>Distributed under a Creative Commons Attribution 3.0 Unported License.</p>
               </licence>
            </availability>
            <date>2016-05-09-04:00</date>
         </publicationStmt>
         <sourceDesc>
            <p>Born digital.</p>
         </sourceDesc>
      </fileDesc>
      <encodingDesc>
         <editorialDecl>
            <p>This record created following the LOGAR guidelines. 
                        Documentation available at: <ref target="http://logarandes.org/documentation">http://logarandes.org/documentation</ref>.</p>
         </editorialDecl>
      </encodingDesc>
      <revisionDesc>
         <change who="http://syriaca.org/documentation/editors.xml#wsalesky" n="1.0" when="2016-05-09-04:00">CREATED: place record</change>
      </revisionDesc>
   </teiHeader>
   <text>
      <body>
         <listPlace>
            <place xml:id="place-193" source="bib193-1">
               <placeName xml:id="name193-1" full="yes" type="standardized">San Alfonso de Chilcapampa</placeName>
               <placeName xml:id="name193-2" type="standardized-Spanish">San Alfonso de</placeName>
               <placeName xml:id="name193-3" type="standardized-Andean">Chilcapampa</placeName>
               <placeName xml:id="name193-4" type="verbatim">sant alfonso de chilcapampa</placeName>
               <location type="ancient">
                  <region type="audiencia">Lima</region>
                  <region type="ciudad">Guamanga</region>
                  <region type="corregimiento">Asangaro</region>
                  <region type="repartimiento">
                     <placeName type="standardized" full="yes">Angaraes (Baltasar de Hontiveros]</placeName>
                     <placeName type="verbatim">angaraes encomendado en baltasar de Hontiueros</placeName>
                  </region>
                  <settlement type="pueblo">San Alfonso de Chilcapampa</settlement>
                  <note type="repartimiento">Or Veracuz de Chilcapampa (above?)</note>
               </location>
               <location type="modern">
                  <country>Peru</country>
                  <region type="province">Churcampa</region>
                  <region type="department">Huancavelica</region>
                  <settlement type="pueblo">Chilcapampa</settlement>
               </location>
               <location type="gps">
                  <geo>-12.66145676 -74.36899733</geo>
               </location>
               <location>
                  <geo>-12 39 41.24520 -074 22 08.38920</geo>
               </location>
               <note>Coordinates from: http://www.postalcodedb.com/09340_Chilcapampa_Peru.html</note>
               <bibl xml:id="bib193-1">
                  <title>Levillier 1921-26 v9</title>
                  <citedRange unit="pp">182</citedRange>
               </bibl>
               <bibl xml:id="bib193-2">
                  <title>Levillier 1921-26 v9</title>
                  <citedRange unit="pp">182</citedRange>
               </bibl>
               <bibl xml:id="bib193-3">
                  <title>AGI Lima 464</title>
               </bibl>
               <idno type="URI">http://logarandes.org/place/193</idno>
               <note type="administrative" subtype="Moved">1</note>
               <note type="administrative" subtype="Move_ref">Digital Peru</note>
               <note type="administrative" subtype="MR_other_notes">No town visible in this spot</note>
               <note type="administrative" subtype="Moved_by">Kohut</note>
               <note type="administrative" subtype="Move_date">3/28/2016</note>
               <note type="administrative" subtype="Delete_2">0</note>
            </place>
         </listPlace>
      </body>
   </text>
</TEI>