<TEI xmlns="http://www.tei-c.org/ns/1.0" xmlns:tei="http://www.tei-c.org/ns/1.0" xmlns:xd="http://www.oxygenxml.com/ns/doc/xsl" xml:lang="en">
   <teiHeader>
      <fileDesc>
         <titleStmt>
            <title level="a" xml:lang="es">Coayllo</title>
            <title level="m">LOGAR Linked Open Gazetteer of the Andean Region</title>
            <sponsor>LOGAR Linked Open Gazetteer of the Andean Region</sponsor>
            <funder>The National Endowment for the Humanities</funder>
            <principal>Steven A. Wernke</principal>
            <principal>Akira Saito</principal>
            <editor role="creator">Steven A. Wernke</editor>
            <editor role="creator">Jeremy Mumford</editor>
            <respStmt>
               <resp>Editing, proofreading, data entry and revision by</resp>
               <name type="person" ref="http://syriaca.org/documentation/editors.xml#swernke">Steven A. Wernke</name>
            </respStmt>
            <respStmt>
               <resp>Editing, proofreading, data entry and revision by</resp>
               <name type="person" ref="http://syriaca.org/documentation/editors.xml#jmumford">Jeremy Mumford</name>
            </respStmt>
         </titleStmt>
         <editionStmt>
            <edition n="1.0"/>
         </editionStmt>
         <publicationStmt>
            <authority>LOGAR Linked Open Gazetteer of the Andean Region</authority>
            <idno type="URI">http://logarandes.org/place/194/tei</idno>
            <availability>
               <licence target="http://creativecommons.org/licenses/by/3.0/">
                  <p>Distributed under a Creative Commons Attribution 3.0 Unported License.</p>
               </licence>
            </availability>
            <date>2016-05-09-04:00</date>
         </publicationStmt>
         <sourceDesc>
            <p>Born digital.</p>
         </sourceDesc>
      </fileDesc>
      <encodingDesc>
         <editorialDecl>
            <p>This record created following the LOGAR guidelines. 
                        Documentation available at: <ref target="http://logarandes.org/documentation">http://logarandes.org/documentation</ref>.</p>
         </editorialDecl>
      </encodingDesc>
      <revisionDesc>
         <change who="http://syriaca.org/documentation/editors.xml#wsalesky" n="1.0" when="2016-05-09-04:00">CREATED: place record</change>
      </revisionDesc>
   </teiHeader>
   <text>
      <body>
         <listPlace>
            <place xml:id="place-194" source="bib194-1">
               <placeName xml:id="name194-1" full="yes" type="standardized">Coayllo</placeName>
               <placeName xml:id="name194-3" type="standardized-Andean">Coayllo</placeName>
               <placeName xml:id="name194-4" type="verbatim">coayllo</placeName>
               <location type="ancient">
                  <region type="audiencia">Lima</region>
                  <region type="ciudad">Lima</region>
                  <region type="corregimiento">Cañete</region>
                  <region type="repartimiento">
                     <placeName type="standardized" full="yes">Coayllo y Calango</placeName>
                     <placeName type="verbatim">coayllo y Calango</placeName>
                  </region>
                  <settlement type="pueblo">Coayllo</settlement>
               </location>
               <location type="modern">
                  <country>Peru</country>
                  <region type="province">Cañete</region>
                  <region type="department">Lima</region>
                  <settlement type="pueblo">Coayllo</settlement>
                  <note type="modern-location">Town is capital of Coayllo District</note>
               </location>
               <location type="gps">
                  <geo>-12.72745089 -76.45989537</geo>
               </location>
               <location>
                  <geo>-12 43 38.82360 -076 27 35.62200</geo>
               </location>
               <note>Coordinates from: http://www.maplandia.com/peru/lima/canete/coayllo/ - GE only recognizes a "Coailla" that it lists as being in the Asia district. Very close to these Coordinates for Coayllo... Odd</note>
               <bibl xml:id="bib194-1">
                  <title>Levillier 1921-26 v9</title>
                  <citedRange unit="pp">195</citedRange>
               </bibl>
               <bibl xml:id="bib194-2">
                  <title>Levillier 1921-26 v9</title>
                  <citedRange unit="pp">195</citedRange>
               </bibl>
               <bibl xml:id="bib194-3">
                  <title>AGI Lima 464</title>
               </bibl>
               <idno type="URI">http://logarandes.org/place/194</idno>
               <note type="administrative" subtype="Moved">1</note>
               <note type="administrative" subtype="Move_ref">Google sat</note>
               <note type="administrative" subtype="Moved_by">Kohut</note>
               <note type="administrative" subtype="Move_date">12/8/2015</note>
               <note type="administrative" subtype="Delete_2">0</note>
            </place>
         </listPlace>
      </body>
   </text>
</TEI>