<TEI xmlns="http://www.tei-c.org/ns/1.0" xmlns:tei="http://www.tei-c.org/ns/1.0" xmlns:xd="http://www.oxygenxml.com/ns/doc/xsl" xml:lang="en">
   <teiHeader>
      <fileDesc>
         <titleStmt>
            <title level="a" xml:lang="es">San Miguel de Mayoc</title>
            <title level="m">LOGAR Linked Open Gazetteer of the Andean Region</title>
            <sponsor>LOGAR Linked Open Gazetteer of the Andean Region</sponsor>
            <funder>The National Endowment for the Humanities</funder>
            <principal>Steven A. Wernke</principal>
            <principal>Akira Saito</principal>
            <editor role="creator">Steven A. Wernke</editor>
            <editor role="creator">Jeremy Mumford</editor>
            <respStmt>
               <resp>Editing, proofreading, data entry and revision by</resp>
               <name type="person" ref="http://syriaca.org/documentation/editors.xml#swernke">Steven A. Wernke</name>
            </respStmt>
            <respStmt>
               <resp>Editing, proofreading, data entry and revision by</resp>
               <name type="person" ref="http://syriaca.org/documentation/editors.xml#jmumford">Jeremy Mumford</name>
            </respStmt>
         </titleStmt>
         <editionStmt>
            <edition n="1.0"/>
         </editionStmt>
         <publicationStmt>
            <authority>LOGAR Linked Open Gazetteer of the Andean Region</authority>
            <idno type="URI">http://logarandes.org/place/196/tei</idno>
            <availability>
               <licence target="http://creativecommons.org/licenses/by/3.0/">
                  <p>Distributed under a Creative Commons Attribution 3.0 Unported License.</p>
               </licence>
            </availability>
            <date>2016-05-09-04:00</date>
         </publicationStmt>
         <sourceDesc>
            <p>Born digital.</p>
         </sourceDesc>
      </fileDesc>
      <encodingDesc>
         <editorialDecl>
            <p>This record created following the LOGAR guidelines. 
                        Documentation available at: <ref target="http://logarandes.org/documentation">http://logarandes.org/documentation</ref>.</p>
         </editorialDecl>
      </encodingDesc>
      <revisionDesc>
         <change who="http://syriaca.org/documentation/editors.xml#wsalesky" n="1.0" when="2016-05-09-04:00">CREATED: place record</change>
      </revisionDesc>
   </teiHeader>
   <text>
      <body>
         <listPlace>
            <place xml:id="place-196" source="bib196-1">
               <placeName xml:id="name196-1" full="yes" type="standardized">San Miguel de Mayoc</placeName>
               <placeName xml:id="name196-2" type="standardized-Spanish">San Miguel de</placeName>
               <placeName xml:id="name196-3" type="standardized-Andean">Mayoc</placeName>
               <placeName xml:id="name196-4" type="verbatim">san Miguel de mayoc</placeName>
               <location type="ancient">
                  <region type="audiencia">Lima</region>
                  <region type="ciudad">Guamanga</region>
                  <region type="corregimiento">Asangaro</region>
                  <region type="repartimiento">
                     <placeName type="standardized" full="yes">Pairija</placeName>
                     <placeName type="verbatim">pairija</placeName>
                  </region>
                  <settlement type="pueblo">San Miguel de Mayoc</settlement>
               </location>
               <location type="modern">
                  <country>Peru</country>
                  <region type="province">Churcampa</region>
                  <region type="department">Huancavelica</region>
                  <settlement type="pueblo">Mayoc</settlement>
                  <note type="modern-location">Definitely the same one as the new link.</note>
               </location>
               <location type="gps">
                  <geo>-12.80557601 -74.38990312</geo>
               </location>
               <location>
                  <geo>-12 48 20.07360 -074 23 23.65080</geo>
               </location>
               <note>The one you pinned is this one, near Huanta, right? http://www.viasatelital.com/mapas/churcampa_san_miguel_de_mayocc.htm. I think it's called both Mayoc and Mayocc. Prov. Churcampa.</note>
               <bibl xml:id="bib196-1">
                  <title>Levillier 1921-26 v9</title>
                  <citedRange unit="pp">182</citedRange>
               </bibl>
               <bibl xml:id="bib196-2">
                  <title>Levillier 1921-26 v9</title>
                  <citedRange unit="pp">182</citedRange>
               </bibl>
               <bibl xml:id="bib196-3">
                  <title>AGI Lima 464</title>
               </bibl>
               <idno type="URI">http://logarandes.org/place/196</idno>
               <note type="administrative" subtype="Moved">1</note>
               <note type="administrative" subtype="Move_ref">Google sat</note>
               <note type="administrative" subtype="Moved_by">Kohut</note>
               <note type="administrative" subtype="Move_date">12/7/2015</note>
               <note type="administrative" subtype="Delete_2">0</note>
            </place>
         </listPlace>
      </body>
   </text>
</TEI>