<TEI xmlns="http://www.tei-c.org/ns/1.0" xmlns:tei="http://www.tei-c.org/ns/1.0" xmlns:xd="http://www.oxygenxml.com/ns/doc/xsl" xml:lang="en">
   <teiHeader>
      <fileDesc>
         <titleStmt>
            <title level="a" xml:lang="es">San Geronimo</title>
            <title level="m">LOGAR Linked Open Gazetteer of the Andean Region</title>
            <sponsor>LOGAR Linked Open Gazetteer of the Andean Region</sponsor>
            <funder>The National Endowment for the Humanities</funder>
            <principal>Steven A. Wernke</principal>
            <principal>Akira Saito</principal>
            <editor role="creator">Steven A. Wernke</editor>
            <editor role="creator">Jeremy Mumford</editor>
            <respStmt>
               <resp>Editing, proofreading, data entry and revision by</resp>
               <name type="person" ref="http://syriaca.org/documentation/editors.xml#swernke">Steven A. Wernke</name>
            </respStmt>
            <respStmt>
               <resp>Editing, proofreading, data entry and revision by</resp>
               <name type="person" ref="http://syriaca.org/documentation/editors.xml#jmumford">Jeremy Mumford</name>
            </respStmt>
         </titleStmt>
         <editionStmt>
            <edition n="1.0"/>
         </editionStmt>
         <publicationStmt>
            <authority>LOGAR Linked Open Gazetteer of the Andean Region</authority>
            <idno type="URI">http://logarandes.org/place/20/tei</idno>
            <availability>
               <licence target="http://creativecommons.org/licenses/by/3.0/">
                  <p>Distributed under a Creative Commons Attribution 3.0 Unported License.</p>
               </licence>
            </availability>
            <date>2016-05-09-04:00</date>
         </publicationStmt>
         <sourceDesc>
            <p>Born digital.</p>
         </sourceDesc>
      </fileDesc>
      <encodingDesc>
         <editorialDecl>
            <p>This record created following the LOGAR guidelines. 
                        Documentation available at: <ref target="http://logarandes.org/documentation">http://logarandes.org/documentation</ref>.</p>
         </editorialDecl>
      </encodingDesc>
      <revisionDesc>
         <change who="http://syriaca.org/documentation/editors.xml#wsalesky" n="1.0" when="2016-05-09-04:00">CREATED: place record</change>
      </revisionDesc>
   </teiHeader>
   <text>
      <body>
         <listPlace>
            <place xml:id="place-20" source="bib20-1">
               <placeName xml:id="name20-1" full="yes" type="standardized">San Geronimo</placeName>
               <placeName xml:id="name20-2" type="standardized-Spanish">San Geronimo</placeName>
               <placeName xml:id="name20-4" type="verbatim">san geronimo</placeName>
               <location type="ancient">
                  <region type="audiencia">Lima</region>
                  <region type="ciudad">Trujillo</region>
                  <region type="corregimiento">Villa de Zaña</region>
                  <region type="repartimiento">
                     <placeName type="standardized" full="yes">Motupe</placeName>
                     <placeName type="verbatim">motupe</placeName>
                  </region>
                  <settlement type="pueblo">San Geronimo</settlement>
               </location>
               <location type="modern">
                  <country>Peru</country>
                  <region type="province">Lambayeque</region>
                  <region type="department">Lambayeque</region>
                  <settlement type="pueblo">Motupe</settlement>
               </location>
               <location type="gps">
                  <geo>-6.154540276 -79.71708662</geo>
               </location>
               <location>
                  <geo>-06 09 16.34400 -079 43 01.51320</geo>
               </location>
               <note>can't find a San Jeronimo in the right area</note>
               <bibl xml:id="bib20-1">
                  <title>Levillier 1921-26 v9</title>
                  <citedRange unit="pp">209</citedRange>
               </bibl>
               <bibl xml:id="bib20-2">
                  <title>Levillier 1921-26 v9</title>
                  <citedRange unit="pp">209</citedRange>
               </bibl>
               <bibl xml:id="bib20-3">
                  <title>AGI Lima 464</title>
               </bibl>
               <idno type="URI">http://logarandes.org/place/20</idno>
               <note type="administrative" subtype="Moved">1</note>
               <note type="administrative" subtype="Move_ref">Google sat</note>
               <note type="administrative" subtype="MR_other_notes">Unclear if Motupe = San Gerónimo. Is San Gerónimo de patrón saint of Motupe?</note>
               <note type="administrative" subtype="Moved_by">Wernke</note>
               <note type="administrative" subtype="Move_date">12/31/2015</note>
            </place>
         </listPlace>
      </body>
   </text>
</TEI>