<TEI xmlns="http://www.tei-c.org/ns/1.0" xmlns:tei="http://www.tei-c.org/ns/1.0" xmlns:xd="http://www.oxygenxml.com/ns/doc/xsl" xml:lang="en">
   <teiHeader>
      <fileDesc>
         <titleStmt>
            <title level="a" xml:lang="es">San Gerónimo de Chancabamba</title>
            <title level="m">LOGAR Linked Open Gazetteer of the Andean Region</title>
            <sponsor>LOGAR Linked Open Gazetteer of the Andean Region</sponsor>
            <funder>The National Endowment for the Humanities</funder>
            <principal>Steven A. Wernke</principal>
            <principal>Akira Saito</principal>
            <editor role="creator">Steven A. Wernke</editor>
            <editor role="creator">Jeremy Mumford</editor>
            <respStmt>
               <resp>Editing, proofreading, data entry and revision by</resp>
               <name type="person" ref="http://syriaca.org/documentation/editors.xml#swernke">Steven A. Wernke</name>
            </respStmt>
            <respStmt>
               <resp>Editing, proofreading, data entry and revision by</resp>
               <name type="person" ref="http://syriaca.org/documentation/editors.xml#jmumford">Jeremy Mumford</name>
            </respStmt>
         </titleStmt>
         <editionStmt>
            <edition n="1.0"/>
         </editionStmt>
         <publicationStmt>
            <authority>LOGAR Linked Open Gazetteer of the Andean Region</authority>
            <idno type="URI">http://logarandes.org/place/208/tei</idno>
            <availability>
               <licence target="http://creativecommons.org/licenses/by/3.0/">
                  <p>Distributed under a Creative Commons Attribution 3.0 Unported License.</p>
               </licence>
            </availability>
            <date>2016-05-09-04:00</date>
         </publicationStmt>
         <sourceDesc>
            <p>Born digital.</p>
         </sourceDesc>
      </fileDesc>
      <encodingDesc>
         <editorialDecl>
            <p>This record created following the LOGAR guidelines. 
                        Documentation available at: <ref target="http://logarandes.org/documentation">http://logarandes.org/documentation</ref>.</p>
         </editorialDecl>
      </encodingDesc>
      <revisionDesc>
         <change who="http://syriaca.org/documentation/editors.xml#wsalesky" n="1.0" when="2016-05-09-04:00">CREATED: place record</change>
      </revisionDesc>
   </teiHeader>
   <text>
      <body>
         <listPlace>
            <place xml:id="place-208" source="bib208-1">
               <placeName xml:id="name208-1" full="yes" type="standardized">San Gerónimo de Chancabamba</placeName>
               <placeName xml:id="name208-2" type="standardized-Spanish">San Gerónimo</placeName>
               <placeName xml:id="name208-3" type="standardized-Andean">Chancabamba</placeName>
               <placeName xml:id="name208-4" type="verbatim">san Geronimo de chancabamba</placeName>
               <location type="ancient">
                  <region type="audiencia">Lima</region>
                  <region type="ciudad">Cuzco</region>
                  <region type="corregimiento">Aymaraes</region>
                  <region type="repartimiento">
                     <placeName type="standardized" full="yes">Guamanpalpas</placeName>
                     <placeName type="verbatim">guamanpalpas</placeName>
                  </region>
                  <settlement type="pueblo">San Gerónimo de Chancabamba</settlement>
               </location>
               <location type="modern">
                  <country>Peru</country>
                  <region type="province">Calca</region>
                  <region type="department">Cusco</region>
                  <settlement type="pueblo">Chancabamba</settlement>
               </location>
               <note>Coordinates from: http://www.postalcodedb.com/08720_Chancabamba_Peru.html</note>
               <bibl xml:id="bib208-1">
                  <title>Levillier 1921-26 v9</title>
                  <citedRange unit="pp">164</citedRange>
               </bibl>
               <bibl xml:id="bib208-2">
                  <title>Levillier 1921-26 v9</title>
                  <citedRange unit="pp">164</citedRange>
               </bibl>
               <bibl xml:id="bib208-3">
                  <title>AGI Lima 464</title>
               </bibl>
               <idno type="URI">http://logarandes.org/place/208</idno>
               <note type="administrative" subtype="Moved">0</note>
            </place>
         </listPlace>
      </body>
   </text>
</TEI>