<TEI xmlns="http://www.tei-c.org/ns/1.0" xmlns:tei="http://www.tei-c.org/ns/1.0" xmlns:xd="http://www.oxygenxml.com/ns/doc/xsl" xml:lang="en">
   <teiHeader>
      <fileDesc>
         <titleStmt>
            <title level="a" xml:lang="es">Luya</title>
            <title level="m">LOGAR Linked Open Gazetteer of the Andean Region</title>
            <sponsor>LOGAR Linked Open Gazetteer of the Andean Region</sponsor>
            <funder>The National Endowment for the Humanities</funder>
            <principal>Steven A. Wernke</principal>
            <principal>Akira Saito</principal>
            <editor role="creator">Steven A. Wernke</editor>
            <editor role="creator">Jeremy Mumford</editor>
                <editor role="creator">Nozomi Mizota</editor>
            <respStmt>
               <resp>Editing, proofreading, data entry and revision by</resp>
               <name type="person" ref="http://syriaca.org/documentation/editors.xml#swernke">Steven A. Wernke</name>
            </respStmt>
            <respStmt>
               <resp>Editing, proofreading, data entry and revision by</resp>
               <name type="person" ref="http://syriaca.org/documentation/editors.xml#jmumford">Jeremy Mumford</name>
            </respStmt>
                <respStmt>
                    <resp>Editing for locational accuracy by </resp>
                    <name type="person">Nozomi Mizota</name>
                </respStmt>
         </titleStmt>
         <editionStmt>
            <edition n="1.0"/>
         </editionStmt>
         <publicationStmt>
            <authority>LOGAR Linked Open Gazetteer of the Andean Region</authority>
            <idno type="URI">http://logarandes.org/place/21/tei</idno>
            <availability>
               <licence target="http://creativecommons.org/licenses/by/3.0/">
                  <p>Distributed under a Creative Commons Attribution 3.0 Unported License.</p>
               </licence>
            </availability>
            <date>2016-05-09-04:00</date>
         </publicationStmt>
         <sourceDesc>
            <p>Born digital.</p>
         </sourceDesc>
      </fileDesc>
      <encodingDesc>
         <editorialDecl>
            <p>This record created following the LOGAR guidelines. 
                        Documentation available at: <ref target="http://logarandes.org/documentation">http://logarandes.org/documentation</ref>.</p>
         </editorialDecl>
      </encodingDesc>
      <revisionDesc>
         <change who="http://syriaca.org/documentation/editors.xml#admin" n="1.0" when="2016-05-09-04:00">Location corrections provided by Akira Saito of the National Museum of Ethnology, Japan and his team. </change>
            <change who="http://syriaca.org/documentation/editors.xml#wsalesky" n="1.0" when="2016-05-09-04:00">CREATED: place record</change>
      </revisionDesc>
   </teiHeader>
   <text>
      <body>
         <listPlace>
            <place xml:id="place-21" source="bib21-1">
               <placeName xml:id="name21-1" full="yes" type="standardized">Luya</placeName>
               <placeName xml:id="name21-3" type="standardized-Andean">Luya</placeName>
               <placeName xml:id="name21-4" type="verbatim">luya</placeName>
               <location type="ancient">
                  <region type="audiencia">Lima</region>
                  <region type="ciudad">Chachapoyas</region>
                  <region type="corregimiento">Luya y Chillao</region>
                  <region type="repartimiento">
                     <placeName type="standardized" full="yes">Luya</placeName>
                     <placeName type="verbatim">Luya</placeName>
                  </region>
                  <settlement type="pueblo">Luya</settlement>
               </location>
               <location type="modern">
                  <country>Peru</country>
                  <region type="province">Luya</region>
                  <region type="department">Amazonas</region>
                  <settlement type="pueblo">Luya</settlement>
               </location>
               <location type="gps" source="#bib21-3">
                        <geo>-6.14283 -78.02830</geo>
                    </location>
               <location>
                  <geo>-06 07 37.07400 -078 04 55.77960</geo>
               </location>
               <bibl xml:id="bib21-1">
                  <title>Levillier 1921-26 v9</title>
                  <citedRange unit="pp">218</citedRange>
               </bibl>
               <bibl xml:id="bib21-2">
                  <title>Levillier 1921-26 v9</title>
                  <citedRange unit="pp">218</citedRange>
               </bibl>
               <bibl xml:id="bib21-3">
                  <title>AGI Lima 464</title>
               <citedRange unit="part">48v</citedRange>
                    </bibl>
               <idno type="URI">http://logarandes.org/place/21</idno>
               <note type="administrative" subtype="Moved">1</note>
               <note type="administrative" subtype="Move_ref">Digital Peru</note>
               <note type="administrative" subtype="MR_other_notes">Poor sat res</note>
               <note type="administrative" subtype="Moved_by">Kohut</note>
               <note type="administrative" subtype="Move_date">12/8/2015</note>
               <note type="administrative" subtype="Delete_2">0</note>
            </place>
         </listPlace>
      </body>
   </text>
</TEI>