<TEI xmlns="http://www.tei-c.org/ns/1.0" xmlns:tei="http://www.tei-c.org/ns/1.0" xmlns:xd="http://www.oxygenxml.com/ns/doc/xsl" xml:lang="en">
   <teiHeader>
      <fileDesc>
         <titleStmt>
            <title level="a" xml:lang="es">Honta</title>
            <title level="m">LOGAR Linked Open Gazetteer of the Andean Region</title>
            <sponsor>LOGAR Linked Open Gazetteer of the Andean Region</sponsor>
            <funder>The National Endowment for the Humanities</funder>
            <principal>Steven A. Wernke</principal>
            <principal>Akira Saito</principal>
            <editor role="creator">Steven A. Wernke</editor>
            <editor role="creator">Jeremy Mumford</editor>
                <editor role="creator">Akira Saito</editor>
            <respStmt>
               <resp>Editing, proofreading, data entry and revision by</resp>
               <name type="person" ref="http://syriaca.org/documentation/editors.xml#swernke">Steven A. Wernke</name>
            </respStmt>
            <respStmt>
               <resp>Editing, proofreading, data entry and revision by</resp>
               <name type="person" ref="http://syriaca.org/documentation/editors.xml#jmumford">Jeremy Mumford</name>
            </respStmt>
                <respStmt>
                    <resp>Editing for locational accuracy by </resp>
                    <name type="person">Akira Saito</name>
                </respStmt>
         </titleStmt>
         <editionStmt>
            <edition n="1.0"/>
         </editionStmt>
         <publicationStmt>
            <authority>LOGAR Linked Open Gazetteer of the Andean Region</authority>
            <idno type="URI">http://logarandes.org/place/226/tei</idno>
            <availability>
               <licence target="http://creativecommons.org/licenses/by/3.0/">
                  <p>Distributed under a Creative Commons Attribution 3.0 Unported License.</p>
               </licence>
            </availability>
            <date>2016-05-09-04:00</date>
         </publicationStmt>
         <sourceDesc>
            <p>Born digital.</p>
         </sourceDesc>
      </fileDesc>
      <encodingDesc>
         <editorialDecl>
            <p>This record created following the LOGAR guidelines. 
                        Documentation available at: <ref target="http://logarandes.org/documentation">http://logarandes.org/documentation</ref>.</p>
         </editorialDecl>
      </encodingDesc>
      <revisionDesc>
         <change who="http://syriaca.org/documentation/editors.xml#admin" n="1.0" when="2016-05-09-04:00">Location corrections provided by Akira Saito of the National Museum of Ethnology, Japan and his team. </change>
            <change who="http://syriaca.org/documentation/editors.xml#wsalesky" n="1.0" when="2016-05-09-04:00">CREATED: place record</change>
      </revisionDesc>
   </teiHeader>
   <text>
      <body>
         <listPlace>
            <place xml:id="place-226" source="bib226-1">
               <placeName xml:id="name226-1" full="yes" type="standardized">Honta</placeName>
               <placeName xml:id="name226-3" type="standardized-Andean">Honta</placeName>
               <placeName xml:id="name226-4" type="verbatim">honta</placeName>
               <location type="ancient">
                  <region type="audiencia">Lima</region>
                  <region type="ciudad">Cuzco</region>
                  <region type="corregimiento">Abancay</region>
                  <region type="repartimiento">
                     <placeName type="standardized" full="yes">Various</placeName>
                     <placeName type="verbatim">de diferentes encomenderos</placeName>
                  </region>
                  <settlement type="pueblo">Honta</settlement>
               </location>
               <location type="modern">
                  <country>Peru</country>
                  <region type="province">Anta</region>
                  <region type="department">Cusco</region>
                  <settlement type="pueblo">Anta</settlement>
               </location>
               <location type="gps" source="#bib226-3">
                        <geo>-13.47159 -72.14871</geo>
                    </location>
               <location>
                  <geo>-13 27 54.61560 -072 08 36.50280</geo>
               </location>
               <bibl xml:id="bib226-1">
                  <title>Levillier 1921-26 v9</title>
                  <citedRange unit="pp">168</citedRange>
               </bibl>
               <bibl xml:id="bib226-2">
                  <title>Levillier 1921-26 v9</title>
                  <citedRange unit="pp">168</citedRange>
               </bibl>
               <bibl xml:id="bib226-3">
                  <title>AGI Lima 464</title>
               <citedRange unit="part">24r</citedRange>
                    </bibl>
               <idno type="URI">http://logarandes.org/place/226</idno>
               <note type="administrative" subtype="Moved">1</note>
               <note type="administrative" subtype="Move_ref">Google map</note>
               <note type="administrative" subtype="MR_other_notes">Honta = Anta?</note>
               <note type="administrative" subtype="Moved_by">Wernke</note>
               <note type="administrative" subtype="Move_date">1/25/2016</note>
            </place>
         </listPlace>
      </body>
   </text>
</TEI>