<TEI xmlns="http://www.tei-c.org/ns/1.0" xmlns:tei="http://www.tei-c.org/ns/1.0" xmlns:xd="http://www.oxygenxml.com/ns/doc/xsl" xml:lang="en">
   <teiHeader>
      <fileDesc>
         <titleStmt>
            <title level="a" xml:lang="es">Nuestra Señora de la Encarnacion de Chinchaypuquio [Probably a mistake for Callaracay - Chinchaypuqio is below]</title>
            <title level="m">LOGAR Linked Open Gazetteer of the Andean Region</title>
            <sponsor>LOGAR Linked Open Gazetteer of the Andean Region</sponsor>
            <funder>The National Endowment for the Humanities</funder>
            <principal>Steven A. Wernke</principal>
            <principal>Akira Saito</principal>
            <editor role="creator">Steven A. Wernke</editor>
            <editor role="creator">Jeremy Mumford</editor>
            <respStmt>
               <resp>Editing, proofreading, data entry and revision by</resp>
               <name type="person" ref="http://syriaca.org/documentation/editors.xml#swernke">Steven A. Wernke</name>
            </respStmt>
            <respStmt>
               <resp>Editing, proofreading, data entry and revision by</resp>
               <name type="person" ref="http://syriaca.org/documentation/editors.xml#jmumford">Jeremy Mumford</name>
            </respStmt>
         </titleStmt>
         <editionStmt>
            <edition n="1.0"/>
         </editionStmt>
         <publicationStmt>
            <authority>LOGAR Linked Open Gazetteer of the Andean Region</authority>
            <idno type="URI">http://logarandes.org/place/230/tei</idno>
            <availability>
               <licence target="http://creativecommons.org/licenses/by/3.0/">
                  <p>Distributed under a Creative Commons Attribution 3.0 Unported License.</p>
               </licence>
            </availability>
            <date>2016-05-09-04:00</date>
         </publicationStmt>
         <sourceDesc>
            <p>Born digital.</p>
         </sourceDesc>
      </fileDesc>
      <encodingDesc>
         <editorialDecl>
            <p>This record created following the LOGAR guidelines. 
                        Documentation available at: <ref target="http://logarandes.org/documentation">http://logarandes.org/documentation</ref>.</p>
         </editorialDecl>
      </encodingDesc>
      <revisionDesc>
         <change who="http://syriaca.org/documentation/editors.xml#wsalesky" n="1.0" when="2016-05-09-04:00">CREATED: place record</change>
      </revisionDesc>
   </teiHeader>
   <text>
      <body>
         <listPlace>
            <place xml:id="place-230" source="bib230-1">
               <placeName xml:id="name230-1" full="yes" type="standardized">Nuestra Señora de la Encarnacion de Chinchaypuquio [Probably a mistake for Callaracay - Chinchaypuqio is below]</placeName>
               <placeName xml:id="name230-2" type="standardized-Spanish">Nuestra Señora de</placeName>
               <placeName xml:id="name230-3" type="standardized-Andean">Chinchaypuquio [Probably a mistake for Callaracay - Chinchaypuqio is below]</placeName>
               <placeName xml:id="name230-4" type="verbatim">nuestra señora de la encarnacion de chinchaypuquio</placeName>
               <location type="ancient">
                  <region type="audiencia">Lima</region>
                  <region type="ciudad">Cuzco</region>
                  <region type="corregimiento">Abancay</region>
                  <region type="repartimiento">
                     <placeName type="standardized" full="yes">Pantipata</placeName>
                     <placeName type="verbatim">pantipata</placeName>
                  </region>
                  <region type="repartimiento">
                     <placeName type="standardized" full="yes">Callaracay</placeName>
                     <placeName type="verbatim"/>
                  </region>
                  <settlement type="pueblo">Nuestra Señora de la Encarnacion de Chinchaypuquio [Probably a mistake for Callaracay - Chinchaypuqio is below]</settlement>
               </location>
               <location type="modern">
                  <country>Peru</country>
                  <region type="province">Anta</region>
                  <region type="department">Cusco</region>
                  <settlement type="pueblo">Callaracay</settlement>
               </location>
               <location type="gps">
                  <geo>-13.55801998 -72.43562272</geo>
               </location>
               <location>
                  <geo>-13 33 28.87200 -072 26 08.24280</geo>
               </location>
               <note>Coordinates from: http://www.geographic.org/geographic_names/name.php?uni=-514706&amp;fid=4546&amp;c=peru</note>
               <bibl xml:id="bib230-1">
                  <title>Levillier 1921-26 v9</title>
                  <citedRange unit="pp">168</citedRange>
               </bibl>
               <bibl xml:id="bib230-2">
                  <title>Levillier 1921-26 v9</title>
                  <citedRange unit="pp">168</citedRange>
               </bibl>
               <bibl xml:id="bib230-3">
                  <title>AGI Lima 464</title>
               </bibl>
               <idno type="URI">http://logarandes.org/place/230</idno>
               <note type="administrative" subtype="Moved">1</note>
               <note type="administrative" subtype="Move_ref">Digital Peru</note>
               <note type="administrative" subtype="MR_other_notes">No towns visible in satellite imagery, so just used digital peru.</note>
               <note type="administrative" subtype="Moved_by">Kohut</note>
               <note type="administrative" subtype="Move_date">3/25/2016</note>
               <note type="administrative" subtype="Delete_2">0</note>
            </place>
         </listPlace>
      </body>
   </text>
</TEI>