<TEI xmlns="http://www.tei-c.org/ns/1.0" xmlns:tei="http://www.tei-c.org/ns/1.0" xmlns:xd="http://www.oxygenxml.com/ns/doc/xsl" xml:lang="en">
   <teiHeader>
      <fileDesc>
         <titleStmt>
            <title level="a" xml:lang="es">San Cristoval de Vichongo</title>
            <title level="m">LOGAR Linked Open Gazetteer of the Andean Region</title>
            <sponsor>LOGAR Linked Open Gazetteer of the Andean Region</sponsor>
            <funder>The National Endowment for the Humanities</funder>
            <principal>Steven A. Wernke</principal>
            <principal>Akira Saito</principal>
            <editor role="creator">Steven A. Wernke</editor>
            <editor role="creator">Jeremy Mumford</editor>
            <respStmt>
               <resp>Editing, proofreading, data entry and revision by</resp>
               <name type="person" ref="http://syriaca.org/documentation/editors.xml#swernke">Steven A. Wernke</name>
            </respStmt>
            <respStmt>
               <resp>Editing, proofreading, data entry and revision by</resp>
               <name type="person" ref="http://syriaca.org/documentation/editors.xml#jmumford">Jeremy Mumford</name>
            </respStmt>
         </titleStmt>
         <editionStmt>
            <edition n="1.0"/>
         </editionStmt>
         <publicationStmt>
            <authority>LOGAR Linked Open Gazetteer of the Andean Region</authority>
            <idno type="URI">http://logarandes.org/place/231/tei</idno>
            <availability>
               <licence target="http://creativecommons.org/licenses/by/3.0/">
                  <p>Distributed under a Creative Commons Attribution 3.0 Unported License.</p>
               </licence>
            </availability>
            <date>2016-05-09-04:00</date>
         </publicationStmt>
         <sourceDesc>
            <p>Born digital.</p>
         </sourceDesc>
      </fileDesc>
      <encodingDesc>
         <editorialDecl>
            <p>This record created following the LOGAR guidelines. 
                        Documentation available at: <ref target="http://logarandes.org/documentation">http://logarandes.org/documentation</ref>.</p>
         </editorialDecl>
      </encodingDesc>
      <revisionDesc>
         <change who="http://syriaca.org/documentation/editors.xml#wsalesky" n="1.0" when="2016-05-09-04:00">CREATED: place record</change>
      </revisionDesc>
   </teiHeader>
   <text>
      <body>
         <listPlace>
            <place xml:id="place-231" source="bib231-1">
               <placeName xml:id="name231-1" full="yes" type="standardized">San Cristoval de Vichongo</placeName>
               <placeName xml:id="name231-2" type="standardized-Spanish">San Cristoval de</placeName>
               <placeName xml:id="name231-3" type="standardized-Andean">Vichongo</placeName>
               <placeName xml:id="name231-4" type="verbatim">san Xristoual de Vichongo</placeName>
               <location type="ancient">
                  <region type="audiencia">Lima</region>
                  <region type="ciudad">Guamanga</region>
                  <region type="corregimiento">Hananchilques</region>
                  <region type="repartimiento">
                     <placeName type="standardized" full="yes">Pocomarca</placeName>
                     <placeName type="verbatim">Pocomarca</placeName>
                  </region>
                  <settlement type="pueblo">San Cristoval de Vichongo</settlement>
               </location>
               <location type="modern">
                  <country>Peru</country>
                  <region type="province">Vilcas Huaman</region>
                  <region type="department">Ayacucho</region>
                  <settlement type="pueblo">Vischongo</settlement>
                  <note type="modern-location">Vischongo (capital)</note>
               </location>
               <location type="gps">
                  <geo>-13.58909307 -73.99499593</geo>
               </location>
               <location>
                  <geo>-13 35 20.73480 -073 59 41.98560</geo>
               </location>
               <bibl xml:id="bib231-1">
                  <title>Levillier 1921-26 v9</title>
                  <citedRange unit="pp">181</citedRange>
               </bibl>
               <bibl xml:id="bib231-2">
                  <title>Levillier 1921-26 v9</title>
                  <citedRange unit="pp">181</citedRange>
               </bibl>
               <bibl xml:id="bib231-3">
                  <title>AGI Lima 464</title>
               </bibl>
               <idno type="URI">http://logarandes.org/place/231</idno>
               <note type="administrative" subtype="Moved">1</note>
               <note type="administrative" subtype="Move_ref">Google sat</note>
               <note type="administrative" subtype="Moved_by">Kohut</note>
               <note type="administrative" subtype="Move_date">12/7/2015</note>
               <note type="administrative" subtype="Delete_2">0</note>
            </place>
         </listPlace>
      </body>
   </text>
</TEI>