<TEI xmlns="http://www.tei-c.org/ns/1.0" xmlns:tei="http://www.tei-c.org/ns/1.0" xmlns:xd="http://www.oxygenxml.com/ns/doc/xsl" xml:lang="en">
   <teiHeader>
      <fileDesc>
         <titleStmt>
            <title level="a" xml:lang="es">La Magdalena [de Pisco?]</title>
            <title level="m">LOGAR Linked Open Gazetteer of the Andean Region</title>
            <sponsor>LOGAR Linked Open Gazetteer of the Andean Region</sponsor>
            <funder>The National Endowment for the Humanities</funder>
            <principal>Steven A. Wernke</principal>
            <principal>Akira Saito</principal>
            <editor role="creator">Steven A. Wernke</editor>
            <editor role="creator">Jeremy Mumford</editor>
            <respStmt>
               <resp>Editing, proofreading, data entry and revision by</resp>
               <name type="person" ref="http://syriaca.org/documentation/editors.xml#swernke">Steven A. Wernke</name>
            </respStmt>
            <respStmt>
               <resp>Editing, proofreading, data entry and revision by</resp>
               <name type="person" ref="http://syriaca.org/documentation/editors.xml#jmumford">Jeremy Mumford</name>
            </respStmt>
         </titleStmt>
         <editionStmt>
            <edition n="1.0"/>
         </editionStmt>
         <publicationStmt>
            <authority>LOGAR Linked Open Gazetteer of the Andean Region</authority>
            <idno type="URI">http://logarandes.org/place/242/tei</idno>
            <availability>
               <licence target="http://creativecommons.org/licenses/by/3.0/">
                  <p>Distributed under a Creative Commons Attribution 3.0 Unported License.</p>
               </licence>
            </availability>
            <date>2016-05-09-04:00</date>
         </publicationStmt>
         <sourceDesc>
            <p>Born digital.</p>
         </sourceDesc>
      </fileDesc>
      <encodingDesc>
         <editorialDecl>
            <p>This record created following the LOGAR guidelines. 
                        Documentation available at: <ref target="http://logarandes.org/documentation">http://logarandes.org/documentation</ref>.</p>
         </editorialDecl>
      </encodingDesc>
      <revisionDesc>
         <change who="http://syriaca.org/documentation/editors.xml#wsalesky" n="1.0" when="2016-05-09-04:00">CREATED: place record</change>
      </revisionDesc>
   </teiHeader>
   <text>
      <body>
         <listPlace>
            <place xml:id="place-242" source="bib242-1">
               <placeName xml:id="name242-1" full="yes" type="standardized">La Magdalena [de Pisco?]</placeName>
               <placeName xml:id="name242-2" type="standardized-Spanish">La Magdalena</placeName>
               <placeName xml:id="name242-3" type="standardized-Andean">[Pisco?]</placeName>
               <placeName xml:id="name242-4" type="verbatim">la magdalena</placeName>
               <location type="ancient">
                  <region type="audiencia">Lima</region>
                  <region type="ciudad">Lima</region>
                  <region type="corregimiento">Ica</region>
                  <region type="repartimiento">
                     <placeName type="standardized" full="yes">Pisco y Condor</placeName>
                     <placeName type="verbatim">Pisco y Condor</placeName>
                  </region>
                  <settlement type="pueblo">La Magdalena [de Pisco?]</settlement>
               </location>
               <location type="modern">
                  <country>Peru</country>
                  <region type="province">Pisco</region>
                  <region type="department">Ica</region>
                  <settlement type="pueblo">Pisco</settlement>
               </location>
               <location type="gps">
                  <geo>-13.70998872 -76.20311313</geo>
               </location>
               <location>
                  <geo>-13 42 35.96040 -076 12 11.20680</geo>
               </location>
               <note>couldn't find a location for La Magdalena</note>
               <bibl xml:id="bib242-1">
                  <title>Levillier 1921-26 v9</title>
                  <citedRange unit="pp">194</citedRange>
               </bibl>
               <bibl xml:id="bib242-2">
                  <title>Levillier 1921-26 v9</title>
                  <citedRange unit="pp">194</citedRange>
               </bibl>
               <bibl xml:id="bib242-3">
                  <title>AGI Lima 464</title>
               </bibl>
               <idno type="URI">http://logarandes.org/place/242</idno>
               <note type="administrative" subtype="Moved">1</note>
               <note type="administrative" subtype="Move_ref">Google sat</note>
               <note type="administrative" subtype="Moved_by">Kohut</note>
               <note type="administrative" subtype="Move_date">3/25/2016</note>
               <note type="administrative" subtype="Delete_2">0</note>
            </place>
         </listPlace>
      </body>
   </text>
</TEI>