<TEI xmlns="http://www.tei-c.org/ns/1.0" xmlns:tei="http://www.tei-c.org/ns/1.0" xmlns:xd="http://www.oxygenxml.com/ns/doc/xsl" xml:lang="en">
   <teiHeader>
      <fileDesc>
         <titleStmt>
            <title level="a" xml:lang="es">Guancaguanca</title>
            <title level="m">LOGAR Linked Open Gazetteer of the Andean Region</title>
            <sponsor>LOGAR Linked Open Gazetteer of the Andean Region</sponsor>
            <funder>The National Endowment for the Humanities</funder>
            <principal>Steven A. Wernke</principal>
            <principal>Akira Saito</principal>
            <editor role="creator">Steven A. Wernke</editor>
            <editor role="creator">Jeremy Mumford</editor>
            <respStmt>
               <resp>Editing, proofreading, data entry and revision by</resp>
               <name type="person" ref="http://syriaca.org/documentation/editors.xml#swernke">Steven A. Wernke</name>
            </respStmt>
            <respStmt>
               <resp>Editing, proofreading, data entry and revision by</resp>
               <name type="person" ref="http://syriaca.org/documentation/editors.xml#jmumford">Jeremy Mumford</name>
            </respStmt>
         </titleStmt>
         <editionStmt>
            <edition n="1.0"/>
         </editionStmt>
         <publicationStmt>
            <authority>LOGAR Linked Open Gazetteer of the Andean Region</authority>
            <idno type="URI">http://logarandes.org/place/244/tei</idno>
            <availability>
               <licence target="http://creativecommons.org/licenses/by/3.0/">
                  <p>Distributed under a Creative Commons Attribution 3.0 Unported License.</p>
               </licence>
            </availability>
            <date>2016-05-09-04:00</date>
         </publicationStmt>
         <sourceDesc>
            <p>Born digital.</p>
         </sourceDesc>
      </fileDesc>
      <encodingDesc>
         <editorialDecl>
            <p>This record created following the LOGAR guidelines. 
                        Documentation available at: <ref target="http://logarandes.org/documentation">http://logarandes.org/documentation</ref>.</p>
         </editorialDecl>
      </encodingDesc>
      <revisionDesc>
         <change who="http://syriaca.org/documentation/editors.xml#wsalesky" n="1.0" when="2016-05-09-04:00">CREATED: place record</change>
      </revisionDesc>
   </teiHeader>
   <text>
      <body>
         <listPlace>
            <place xml:id="place-244" source="bib244-1">
               <placeName xml:id="name244-1" full="yes" type="standardized">Guancaguanca</placeName>
               <placeName xml:id="name244-3" type="standardized-Andean">Guancaguanca</placeName>
               <placeName xml:id="name244-4" type="verbatim">Guan Guanca</placeName>
               <location type="ancient">
                  <region type="audiencia">Lima</region>
                  <region type="ciudad">Cuzco</region>
                  <region type="corregimiento">Chilques</region>
                  <region type="repartimiento">
                     <placeName type="standardized" full="yes">Cororo,Guancaguanca,Guacachaca,Unchurco,Condorcalla,Arapito</placeName>
                     <placeName type="verbatim">cororo y Guancaguanca y Guacachaca de la corona rreal y vn churco y condorealla y arapito</placeName>
                  </region>
                  <settlement type="pueblo">Guancaguanca</settlement>
               </location>
               <location type="gps">
                  <geo>-13.74468529 -72.08960794</geo>
               </location>
               <location>
                  <geo>-13 44 40.86600 -072 05 22.58880</geo>
               </location>
               <note>Removed pin for "Huanca Huanca, Peru" in Cusco region - Coordinates from: http://www.geographic.org/geographic_names///name.php?uni=6591656&amp;fid=4567&amp;c=peru - this location isn't in Steve's list, IM, or GE, so I'm assuming it's probably questionable...</note>
               <bibl xml:id="bib244-1">
                  <title>Levillier 1921-26 v9</title>
                  <citedRange unit="pp">161</citedRange>
               </bibl>
               <bibl xml:id="bib244-2">
                  <title>Levillier 1921-26 v9</title>
                  <citedRange unit="pp">161</citedRange>
               </bibl>
               <bibl xml:id="bib244-3">
                  <title>AGI Lima 464</title>
               </bibl>
               <idno type="URI">http://logarandes.org/place/244</idno>
               <note type="administrative" subtype="Moved">1</note>
               <note type="administrative" subtype="Move_ref">Google sat</note>
               <note type="administrative" subtype="MR_other_notes">And Digital Peru</note>
               <note type="administrative" subtype="Moved_by">Kohut</note>
               <note type="administrative" subtype="Move_date">3/2/2016</note>
               <note type="administrative" subtype="Delete_2">0</note>
            </place>
         </listPlace>
      </body>
   </text>
</TEI>