<TEI xmlns="http://www.tei-c.org/ns/1.0" xmlns:tei="http://www.tei-c.org/ns/1.0" xmlns:xd="http://www.oxygenxml.com/ns/doc/xsl" xml:lang="en">
   <teiHeader>
      <fileDesc>
         <titleStmt>
            <title level="a" xml:lang="es">San Antonio de Cocha</title>
            <title level="m">LOGAR Linked Open Gazetteer of the Andean Region</title>
            <sponsor>LOGAR Linked Open Gazetteer of the Andean Region</sponsor>
            <funder>The National Endowment for the Humanities</funder>
            <principal>Steven A. Wernke</principal>
            <principal>Akira Saito</principal>
            <editor role="creator">Steven A. Wernke</editor>
            <editor role="creator">Jeremy Mumford</editor>
            <respStmt>
               <resp>Editing, proofreading, data entry and revision by</resp>
               <name type="person" ref="http://syriaca.org/documentation/editors.xml#swernke">Steven A. Wernke</name>
            </respStmt>
            <respStmt>
               <resp>Editing, proofreading, data entry and revision by</resp>
               <name type="person" ref="http://syriaca.org/documentation/editors.xml#jmumford">Jeremy Mumford</name>
            </respStmt>
         </titleStmt>
         <editionStmt>
            <edition n="1.0"/>
         </editionStmt>
         <publicationStmt>
            <authority>LOGAR Linked Open Gazetteer of the Andean Region</authority>
            <idno type="URI">http://logarandes.org/place/246/tei</idno>
            <availability>
               <licence target="http://creativecommons.org/licenses/by/3.0/">
                  <p>Distributed under a Creative Commons Attribution 3.0 Unported License.</p>
               </licence>
            </availability>
            <date>2016-05-09-04:00</date>
         </publicationStmt>
         <sourceDesc>
            <p>Born digital.</p>
         </sourceDesc>
      </fileDesc>
      <encodingDesc>
         <editorialDecl>
            <p>This record created following the LOGAR guidelines. 
                        Documentation available at: <ref target="http://logarandes.org/documentation">http://logarandes.org/documentation</ref>.</p>
         </editorialDecl>
      </encodingDesc>
      <revisionDesc>
         <change who="http://syriaca.org/documentation/editors.xml#wsalesky" n="1.0" when="2016-05-09-04:00">CREATED: place record</change>
      </revisionDesc>
   </teiHeader>
   <text>
      <body>
         <listPlace>
            <place xml:id="place-246" source="bib246-1">
               <placeName xml:id="name246-1" full="yes" type="standardized">San Antonio de Cocha</placeName>
               <placeName xml:id="name246-2" type="standardized-Spanish">San Antonio de</placeName>
               <placeName xml:id="name246-3" type="standardized-Andean">Cocha</placeName>
               <placeName xml:id="name246-4" type="verbatim">san anton de cocha</placeName>
               <location type="ancient">
                  <region type="audiencia">Lima</region>
                  <region type="ciudad">Guamanga</region>
                  <region type="corregimiento">Hananchilques</region>
                  <region type="repartimiento">
                     <placeName type="standardized" full="yes">Tanquiguas</placeName>
                     <placeName type="verbatim">tanquiguas</placeName>
                  </region>
                  <settlement type="pueblo">San Antonio de Cocha</settlement>
               </location>
               <location type="modern">
                  <country>Peru</country>
                  <region type="province">Vilcas Huaman</region>
                  <region type="department">Ayacucho</region>
                  <settlement type="pueblo">San Antonio de Cocha</settlement>
                  <note type="modern-location">Huambalpa</note>
               </location>
               <location type="gps">
                  <geo>-13.78441611 -74.04479197</geo>
               </location>
               <location>
                  <geo>-13 47 03.89760 -074 02 41.25120</geo>
               </location>
               <note>Coordinates from: http://www.postalcodedb.com/05385_San%20Antonio%20de%20Cocha_Peru.html (same Coordinates as Huambalpa on multiple sites...)</note>
               <bibl xml:id="bib246-1">
                  <title>Levillier 1921-26 v9</title>
                  <citedRange unit="pp">181</citedRange>
               </bibl>
               <bibl xml:id="bib246-2">
                  <title>Levillier 1921-26 v9</title>
                  <citedRange unit="pp">181</citedRange>
               </bibl>
               <bibl xml:id="bib246-3">
                  <title>AGI Lima 464</title>
               </bibl>
               <idno type="URI">http://logarandes.org/place/246</idno>
               <note type="administrative" subtype="Moved">1</note>
               <note type="administrative" subtype="Move_ref">Digital Peru</note>
               <note type="administrative" subtype="MR_other_notes">cpurine "Ccocha" used. Snapped to that point, but no reducción evident in satellite image.</note>
               <note type="administrative" subtype="Moved_by">Wernke</note>
               <note type="administrative" subtype="Move_date">1/7/2016</note>
            </place>
         </listPlace>
      </body>
   </text>
</TEI>