<TEI xmlns="http://www.tei-c.org/ns/1.0" xmlns:tei="http://www.tei-c.org/ns/1.0" xmlns:xd="http://www.oxygenxml.com/ns/doc/xsl" xml:lang="en">
   <teiHeader>
      <fileDesc>
         <titleStmt>
            <title level="a" xml:lang="es">San Miguel de Guamanmarca</title>
            <title level="m">LOGAR Linked Open Gazetteer of the Andean Region</title>
            <sponsor>LOGAR Linked Open Gazetteer of the Andean Region</sponsor>
            <funder>The National Endowment for the Humanities</funder>
            <principal>Steven A. Wernke</principal>
            <principal>Akira Saito</principal>
            <editor role="creator">Steven A. Wernke</editor>
            <editor role="creator">Jeremy Mumford</editor>
            <respStmt>
               <resp>Editing, proofreading, data entry and revision by</resp>
               <name type="person" ref="http://syriaca.org/documentation/editors.xml#swernke">Steven A. Wernke</name>
            </respStmt>
            <respStmt>
               <resp>Editing, proofreading, data entry and revision by</resp>
               <name type="person" ref="http://syriaca.org/documentation/editors.xml#jmumford">Jeremy Mumford</name>
            </respStmt>
         </titleStmt>
         <editionStmt>
            <edition n="1.0"/>
         </editionStmt>
         <publicationStmt>
            <authority>LOGAR Linked Open Gazetteer of the Andean Region</authority>
            <idno type="URI">http://logarandes.org/place/252/tei</idno>
            <availability>
               <licence target="http://creativecommons.org/licenses/by/3.0/">
                  <p>Distributed under a Creative Commons Attribution 3.0 Unported License.</p>
               </licence>
            </availability>
            <date>2016-05-09-04:00</date>
         </publicationStmt>
         <sourceDesc>
            <p>Born digital.</p>
         </sourceDesc>
      </fileDesc>
      <encodingDesc>
         <editorialDecl>
            <p>This record created following the LOGAR guidelines. 
                        Documentation available at: <ref target="http://logarandes.org/documentation">http://logarandes.org/documentation</ref>.</p>
         </editorialDecl>
      </encodingDesc>
      <revisionDesc>
         <change who="http://syriaca.org/documentation/editors.xml#wsalesky" n="1.0" when="2016-05-09-04:00">CREATED: place record</change>
      </revisionDesc>
   </teiHeader>
   <text>
      <body>
         <listPlace>
            <place xml:id="place-252" source="bib252-1">
               <placeName xml:id="name252-1" full="yes" type="standardized">San Miguel de Guamanmarca</placeName>
               <placeName xml:id="name252-2" type="standardized-Spanish">San Miguel de</placeName>
               <placeName xml:id="name252-3" type="standardized-Andean">Guamanmarca</placeName>
               <placeName xml:id="name252-4" type="verbatim">san Miguel de Guamanmarca</placeName>
               <location type="ancient">
                  <region type="audiencia">Lima</region>
                  <region type="ciudad">Guamanga</region>
                  <region type="corregimiento">Hananchilques</region>
                  <region type="repartimiento">
                     <placeName type="standardized" full="yes">Tanquiguas</placeName>
                     <placeName type="verbatim">tanquiguas</placeName>
                  </region>
                  <settlement type="pueblo">San Miguel de Guamanmarca</settlement>
               </location>
               <location type="modern">
                  <country>Peru</country>
                  <region type="province">Unknown</region>
                  <region type="department">Ayacucho</region>
                  <settlement type="pueblo">Huaman Marca</settlement>
               </location>
               <location type="gps">
                  <geo>-13.78455487 -73.95065964</geo>
               </location>
               <location>
                  <geo>-13 47 04.39800 -073 57 02.37600</geo>
               </location>
               <note>Coordinates from: http://www.geographic.org/geographic_names/name.php?uni=-525706&amp;fid=4548&amp;c=peru (also found location with same name in Huancavelica but I'm assuming the Ayacucho one is correct as Huambalpa is in Ayacucho)</note>
               <bibl xml:id="bib252-1">
                  <title>Levillier 1921-26 v9</title>
                  <citedRange unit="pp">181</citedRange>
               </bibl>
               <bibl xml:id="bib252-2">
                  <title>Levillier 1921-26 v9</title>
                  <citedRange unit="pp">181</citedRange>
               </bibl>
               <bibl xml:id="bib252-3">
                  <title>AGI Lima 464</title>
               </bibl>
               <idno type="URI">http://logarandes.org/place/252</idno>
               <note type="administrative" subtype="Moved">1</note>
               <note type="administrative" subtype="Move_ref">Google sat</note>
               <note type="administrative" subtype="MR_other_notes">cpurine "Huamanmarca" used as initial reference, then Google Satellite Hybrid for location.</note>
               <note type="administrative" subtype="Moved_by">Wernke</note>
               <note type="administrative" subtype="Move_date">1/7/2016</note>
               <note type="administrative" subtype="Delete_2">0</note>
            </place>
         </listPlace>
      </body>
   </text>
</TEI>