<TEI xmlns="http://www.tei-c.org/ns/1.0" xmlns:tei="http://www.tei-c.org/ns/1.0" xmlns:xd="http://www.oxygenxml.com/ns/doc/xsl" xml:lang="en">
   <teiHeader>
      <fileDesc>
         <titleStmt>
            <title level="a" xml:lang="es">San Miguel de Guarcas</title>
            <title level="m">LOGAR Linked Open Gazetteer of the Andean Region</title>
            <sponsor>LOGAR Linked Open Gazetteer of the Andean Region</sponsor>
            <funder>The National Endowment for the Humanities</funder>
            <principal>Steven A. Wernke</principal>
            <principal>Akira Saito</principal>
            <editor role="creator">Steven A. Wernke</editor>
            <editor role="creator">Jeremy Mumford</editor>
            <respStmt>
               <resp>Editing, proofreading, data entry and revision by</resp>
               <name type="person" ref="http://syriaca.org/documentation/editors.xml#swernke">Steven A. Wernke</name>
            </respStmt>
            <respStmt>
               <resp>Editing, proofreading, data entry and revision by</resp>
               <name type="person" ref="http://syriaca.org/documentation/editors.xml#jmumford">Jeremy Mumford</name>
            </respStmt>
         </titleStmt>
         <editionStmt>
            <edition n="1.0"/>
         </editionStmt>
         <publicationStmt>
            <authority>LOGAR Linked Open Gazetteer of the Andean Region</authority>
            <idno type="URI">http://logarandes.org/place/255/tei</idno>
            <availability>
               <licence target="http://creativecommons.org/licenses/by/3.0/">
                  <p>Distributed under a Creative Commons Attribution 3.0 Unported License.</p>
               </licence>
            </availability>
            <date>2016-05-09-04:00</date>
         </publicationStmt>
         <sourceDesc>
            <p>Born digital.</p>
         </sourceDesc>
      </fileDesc>
      <encodingDesc>
         <editorialDecl>
            <p>This record created following the LOGAR guidelines. 
                        Documentation available at: <ref target="http://logarandes.org/documentation">http://logarandes.org/documentation</ref>.</p>
         </editorialDecl>
      </encodingDesc>
      <revisionDesc>
         <change who="http://syriaca.org/documentation/editors.xml#wsalesky" n="1.0" when="2016-05-09-04:00">CREATED: place record</change>
      </revisionDesc>
   </teiHeader>
   <text>
      <body>
         <listPlace>
            <place xml:id="place-255" source="bib255-1">
               <placeName xml:id="name255-1" full="yes" type="standardized">San Miguel de Guarcas</placeName>
               <placeName xml:id="name255-2" type="standardized-Spanish">San Miguel de</placeName>
               <placeName xml:id="name255-3" type="standardized-Andean">Guarcas</placeName>
               <placeName xml:id="name255-4" type="verbatim">sant Miguel de guarcas</placeName>
               <location type="ancient">
                  <region type="audiencia">Lima</region>
                  <region type="ciudad">Guamanga</region>
                  <region type="corregimiento">Hananchilques</region>
                  <region type="repartimiento">
                     <placeName type="standardized" full="yes">Tanquiguas</placeName>
                     <placeName type="verbatim">tanquiguas</placeName>
                  </region>
                  <settlement type="pueblo">San Miguel de Guarcas</settlement>
               </location>
               <location type="modern">
                  <country>Peru</country>
                  <region type="province">Vilcas Huaman</region>
                  <region type="department">Ayacucho</region>
                  <settlement type="pueblo">Huacras</settlement>
                  <note type="modern-location">Accomarca</note>
               </location>
               <location type="gps">
                  <geo>-13.82333111 -73.84731579</geo>
               </location>
               <location>
                  <geo>-13 49 23.99160 -073 50 50.33760</geo>
               </location>
               <note>Coordinates from: http://www.postalcodedb.com/05390_Huarcas%20(San%20Gabriel%20de%20Huarcas)_Peru.html</note>
               <bibl xml:id="bib255-1">
                  <title>Levillier 1921-26 v9</title>
                  <citedRange unit="pp">181</citedRange>
               </bibl>
               <bibl xml:id="bib255-2">
                  <title>Levillier 1921-26 v9</title>
                  <citedRange unit="pp">181</citedRange>
               </bibl>
               <bibl xml:id="bib255-3">
                  <title>AGI Lima 464</title>
               </bibl>
               <idno type="URI">http://logarandes.org/place/255</idno>
               <note type="administrative" subtype="Moved">1</note>
               <note type="administrative" subtype="Move_ref">Google sat</note>
               <note type="administrative" subtype="Moved_by">Kohut</note>
               <note type="administrative" subtype="Move_date">12/7/2015</note>
               <note type="administrative" subtype="Delete_2">0</note>
            </place>
         </listPlace>
      </body>
   </text>
</TEI>