<TEI xmlns="http://www.tei-c.org/ns/1.0" xmlns:tei="http://www.tei-c.org/ns/1.0" xmlns:xd="http://www.oxygenxml.com/ns/doc/xsl" xml:lang="en">
   <teiHeader>
      <fileDesc>
         <titleStmt>
            <title level="a" xml:lang="es">San Pedro de Ocobamba</title>
            <title level="m">LOGAR Linked Open Gazetteer of the Andean Region</title>
            <sponsor>LOGAR Linked Open Gazetteer of the Andean Region</sponsor>
            <funder>The National Endowment for the Humanities</funder>
            <principal>Steven A. Wernke</principal>
            <principal>Akira Saito</principal>
            <editor role="creator">Steven A. Wernke</editor>
            <editor role="creator">Jeremy Mumford</editor>
            <respStmt>
               <resp>Editing, proofreading, data entry and revision by</resp>
               <name type="person" ref="http://syriaca.org/documentation/editors.xml#swernke">Steven A. Wernke</name>
            </respStmt>
            <respStmt>
               <resp>Editing, proofreading, data entry and revision by</resp>
               <name type="person" ref="http://syriaca.org/documentation/editors.xml#jmumford">Jeremy Mumford</name>
            </respStmt>
         </titleStmt>
         <editionStmt>
            <edition n="1.0"/>
         </editionStmt>
         <publicationStmt>
            <authority>LOGAR Linked Open Gazetteer of the Andean Region</authority>
            <idno type="URI">http://logarandes.org/place/267/tei</idno>
            <availability>
               <licence target="http://creativecommons.org/licenses/by/3.0/">
                  <p>Distributed under a Creative Commons Attribution 3.0 Unported License.</p>
               </licence>
            </availability>
            <date>2016-05-09-04:00</date>
         </publicationStmt>
         <sourceDesc>
            <p>Born digital.</p>
         </sourceDesc>
      </fileDesc>
      <encodingDesc>
         <editorialDecl>
            <p>This record created following the LOGAR guidelines. 
                        Documentation available at: <ref target="http://logarandes.org/documentation">http://logarandes.org/documentation</ref>.</p>
         </editorialDecl>
      </encodingDesc>
      <revisionDesc>
         <change who="http://syriaca.org/documentation/editors.xml#wsalesky" n="1.0" when="2016-05-09-04:00">CREATED: place record</change>
      </revisionDesc>
   </teiHeader>
   <text>
      <body>
         <listPlace>
            <place xml:id="place-267" source="bib267-1">
               <placeName xml:id="name267-1" full="yes" type="standardized">San Pedro de Ocobamba</placeName>
               <placeName xml:id="name267-2" type="standardized-Spanish">San Pedro de</placeName>
               <placeName xml:id="name267-3" type="standardized-Andean">Ocobamba</placeName>
               <placeName xml:id="name267-4" type="verbatim">san pedro de ocobamba</placeName>
               <location type="ancient">
                  <region type="audiencia">Lima</region>
                  <region type="ciudad">Guamanga</region>
                  <region type="corregimiento">Angaraes</region>
                  <region type="repartimiento">
                     <placeName type="standardized" full="yes">Chocorbos  de Guaitara</placeName>
                     <placeName type="verbatim">chocorbos de Guaitara</placeName>
                  </region>
                  <settlement type="pueblo">San Pedro de Ocobamba</settlement>
               </location>
               <location type="modern">
                  <country>Peru</country>
                  <region type="province">Huaytará</region>
                  <region type="department">Huancavelica</region>
                  <settlement type="pueblo">Ocobamba</settlement>
               </location>
               <location type="gps">
                  <geo>-13.96650603 -75.0462237</geo>
               </location>
               <location>
                  <geo>-13 57 59.42160 -075 02 46.40640</geo>
               </location>
               <note>Coordinates from:http://www.maplandia.com/peru/huancavelica/castrovirreyna/ocobamba/</note>
               <bibl xml:id="bib267-1">
                  <title>Levillier 1921-26 v9</title>
                  <citedRange unit="pp">180</citedRange>
               </bibl>
               <bibl xml:id="bib267-2">
                  <title>Levillier 1921-26 v9</title>
                  <citedRange unit="pp">180</citedRange>
               </bibl>
               <bibl xml:id="bib267-3">
                  <title>AGI Lima 464</title>
               </bibl>
               <idno type="URI">http://logarandes.org/place/267</idno>
               <note type="administrative" subtype="Moved">1</note>
               <note type="administrative" subtype="Move_ref">Google sat</note>
               <note type="administrative" subtype="MR_other_notes">cpruine "Ocobamba" near this town in Google Satellite, but on other side of quebrada. The town is not labeled in Google Earth or Bing Aerial (not a district--it is an anejo).</note>
               <note type="administrative" subtype="Moved_by">Wernke</note>
               <note type="administrative" subtype="Move_date">1/17/2016</note>
            </place>
         </listPlace>
      </body>
   </text>
</TEI>