<TEI xmlns="http://www.tei-c.org/ns/1.0" xmlns:tei="http://www.tei-c.org/ns/1.0" xmlns:xd="http://www.oxygenxml.com/ns/doc/xsl" xml:lang="en">
   <teiHeader>
      <fileDesc>
         <titleStmt>
            <title level="a" xml:lang="es">San Matheo</title>
            <title level="m">LOGAR Linked Open Gazetteer of the Andean Region</title>
            <sponsor>LOGAR Linked Open Gazetteer of the Andean Region</sponsor>
            <funder>The National Endowment for the Humanities</funder>
            <principal>Steven A. Wernke</principal>
            <principal>Akira Saito</principal>
            <editor role="creator">Steven A. Wernke</editor>
            <editor role="creator">Jeremy Mumford</editor>
                <editor role="creator">Akira Saito</editor>
            <respStmt>
               <resp>Editing, proofreading, data entry and revision by</resp>
               <name type="person" ref="http://syriaca.org/documentation/editors.xml#swernke">Steven A. Wernke</name>
            </respStmt>
            <respStmt>
               <resp>Editing, proofreading, data entry and revision by</resp>
               <name type="person" ref="http://syriaca.org/documentation/editors.xml#jmumford">Jeremy Mumford</name>
            </respStmt>
                <respStmt>
                    <resp>Editing for locational accuracy by </resp>
                    <name type="person">Akira Saito</name>
                </respStmt>
         </titleStmt>
         <editionStmt>
            <edition n="1.0"/>
         </editionStmt>
         <publicationStmt>
            <authority>LOGAR Linked Open Gazetteer of the Andean Region</authority>
            <idno type="URI">http://logarandes.org/place/27/tei</idno>
            <availability>
               <licence target="http://creativecommons.org/licenses/by/3.0/">
                  <p>Distributed under a Creative Commons Attribution 3.0 Unported License.</p>
               </licence>
            </availability>
            <date>2016-05-09-04:00</date>
         </publicationStmt>
         <sourceDesc>
            <p>Born digital.</p>
         </sourceDesc>
      </fileDesc>
      <encodingDesc>
         <editorialDecl>
            <p>This record created following the LOGAR guidelines. 
                        Documentation available at: <ref target="http://logarandes.org/documentation">http://logarandes.org/documentation</ref>.</p>
         </editorialDecl>
      </encodingDesc>
      <revisionDesc>
         <change who="http://syriaca.org/documentation/editors.xml#admin" n="1.0" when="2016-05-09-04:00">Location corrections provided by Akira Saito of the National Museum of Ethnology, Japan and his team. </change>
            <change who="http://syriaca.org/documentation/editors.xml#wsalesky" n="1.0" when="2016-05-09-04:00">CREATED: place record</change>
      </revisionDesc>
   </teiHeader>
   <text>
      <body>
         <listPlace>
            <place xml:id="place-27" source="bib27-1">
               <placeName xml:id="name27-1" full="yes" type="standardized">San Matheo</placeName>
               <placeName xml:id="name27-2" type="standardized-Spanish">San Matheo</placeName>
               <placeName xml:id="name27-4" type="verbatim">san matheo</placeName>
               <location type="ancient">
                  <region type="audiencia">Lima</region>
                  <region type="ciudad">Trujillo</region>
                  <region type="corregimiento">Villa de Zaña</region>
                  <region type="repartimiento">
                     <placeName type="standardized" full="yes">Penachi y Salas</placeName>
                     <placeName type="verbatim">Penachi ysalas</placeName>
                  </region>
                  <settlement type="pueblo">San Matheo</settlement>
               </location>
               <location type="modern">
                  <country>Peru</country>
                  <region type="province">Lambayeque</region>
                  <region type="department">Lambayeque</region>
                  <settlement type="pueblo">Salas</settlement>
               </location>
               <location type="gps" source="#bib27-3">
                        <geo>-6.16805 -79.47387</geo>
                    </location>
               <location>
                  <geo>-06 16 26.47560 -079 36 20.64240</geo>
               </location>
               <note>Alejandro Diez confirms, S. Mateo de Salas. There's also a Penachi, which started as an anejo</note>
               <bibl xml:id="bib27-1">
                  <title>Levillier 1921-26 v9</title>
                  <citedRange unit="pp">210</citedRange>
               </bibl>
               <bibl xml:id="bib27-2">
                  <title>Levillier 1921-26 v9</title>
                  <citedRange unit="pp">210</citedRange>
               </bibl>
               <bibl xml:id="bib27-3">
                  <title>AGI Lima 464</title>
               <citedRange unit="part">44v</citedRange>
                    </bibl>
               <idno type="URI">http://logarandes.org/place/27</idno>
               <note type="administrative" subtype="Moved">1</note>
               <note type="administrative" subtype="Move_ref">Google sat</note>
               <note type="administrative" subtype="MR_other_notes">Is San Mateo the patron saint of Salas? Requires followup.</note>
               <note type="administrative" subtype="Moved_by">Wernke</note>
               <note type="administrative" subtype="Move_date">12/31/2015</note>
            </place>
         </listPlace>
      </body>
   </text>
</TEI>