<TEI xmlns="http://www.tei-c.org/ns/1.0" xmlns:tei="http://www.tei-c.org/ns/1.0" xmlns:xd="http://www.oxygenxml.com/ns/doc/xsl" xml:lang="en">
   <teiHeader>
      <fileDesc>
         <titleStmt>
            <title level="a" xml:lang="es">Santiago de Cuerco</title>
            <title level="m">LOGAR Linked Open Gazetteer of the Andean Region</title>
            <sponsor>LOGAR Linked Open Gazetteer of the Andean Region</sponsor>
            <funder>The National Endowment for the Humanities</funder>
            <principal>Steven A. Wernke</principal>
            <principal>Akira Saito</principal>
            <editor role="creator">Steven A. Wernke</editor>
            <editor role="creator">Jeremy Mumford</editor>
            <respStmt>
               <resp>Editing, proofreading, data entry and revision by</resp>
               <name type="person" ref="http://syriaca.org/documentation/editors.xml#swernke">Steven A. Wernke</name>
            </respStmt>
            <respStmt>
               <resp>Editing, proofreading, data entry and revision by</resp>
               <name type="person" ref="http://syriaca.org/documentation/editors.xml#jmumford">Jeremy Mumford</name>
            </respStmt>
         </titleStmt>
         <editionStmt>
            <edition n="1.0"/>
         </editionStmt>
         <publicationStmt>
            <authority>LOGAR Linked Open Gazetteer of the Andean Region</authority>
            <idno type="URI">http://logarandes.org/place/270/tei</idno>
            <availability>
               <licence target="http://creativecommons.org/licenses/by/3.0/">
                  <p>Distributed under a Creative Commons Attribution 3.0 Unported License.</p>
               </licence>
            </availability>
            <date>2016-05-09-04:00</date>
         </publicationStmt>
         <sourceDesc>
            <p>Born digital.</p>
         </sourceDesc>
      </fileDesc>
      <encodingDesc>
         <editorialDecl>
            <p>This record created following the LOGAR guidelines. 
                        Documentation available at: <ref target="http://logarandes.org/documentation">http://logarandes.org/documentation</ref>.</p>
         </editorialDecl>
      </encodingDesc>
      <revisionDesc>
         <change who="http://syriaca.org/documentation/editors.xml#wsalesky" n="1.0" when="2016-05-09-04:00">CREATED: place record</change>
      </revisionDesc>
   </teiHeader>
   <text>
      <body>
         <listPlace>
            <place xml:id="place-270" source="bib270-1">
               <placeName xml:id="name270-1" full="yes" type="standardized">Santiago de Cuerco</placeName>
               <placeName xml:id="name270-2" type="standardized-Spanish">Santiago de</placeName>
               <placeName xml:id="name270-3" type="standardized-Andean">Cuerco</placeName>
               <placeName xml:id="name270-4" type="verbatim">santiago de cuerco</placeName>
               <location type="ancient">
                  <region type="audiencia">Lima</region>
                  <region type="ciudad">Guamanga</region>
                  <region type="corregimiento">Angaraes</region>
                  <region type="repartimiento">
                     <placeName type="standardized" full="yes">Chocorbos  de Guaitara</placeName>
                     <placeName type="verbatim">chocorbos  de Guaitara</placeName>
                  </region>
                  <settlement type="pueblo">Santiago de Cuerco</settlement>
               </location>
               <location type="modern">
                  <country>Peru</country>
                  <region type="province">Huaytará</region>
                  <region type="department">Huancavelica</region>
                  <settlement type="pueblo">Querco</settlement>
                  <note type="modern-location">Capital of province</note>
               </location>
               <location type="gps">
                  <geo>-13.97951865 -74.97678109</geo>
               </location>
               <location>
                  <geo>-13 58 46.26840 -074 58 36.41160</geo>
               </location>
               <bibl xml:id="bib270-1">
                  <title>Levillier 1921-26 v9</title>
                  <citedRange unit="pp">180</citedRange>
               </bibl>
               <bibl xml:id="bib270-2">
                  <title>Levillier 1921-26 v9</title>
                  <citedRange unit="pp">180</citedRange>
               </bibl>
               <bibl xml:id="bib270-3">
                  <title>AGI Lima 464</title>
               </bibl>
               <idno type="URI">http://logarandes.org/place/270</idno>
               <note type="administrative" subtype="Moved">1</note>
               <note type="administrative" subtype="Move_ref">Bing map</note>
               <note type="administrative" subtype="Moved_by">Kohut</note>
               <note type="administrative" subtype="Move_date">12/7/2015</note>
               <note type="administrative" subtype="Delete_2">0</note>
            </place>
         </listPlace>
      </body>
   </text>
</TEI>