<TEI xmlns="http://www.tei-c.org/ns/1.0" xmlns:tei="http://www.tei-c.org/ns/1.0" xmlns:xd="http://www.oxygenxml.com/ns/doc/xsl" xml:lang="en">
   <teiHeader>
      <fileDesc>
         <titleStmt>
            <title level="a" xml:lang="es">San Juan de Payco</title>
            <title level="m">LOGAR Linked Open Gazetteer of the Andean Region</title>
            <sponsor>LOGAR Linked Open Gazetteer of the Andean Region</sponsor>
            <funder>The National Endowment for the Humanities</funder>
            <principal>Steven A. Wernke</principal>
            <principal>Akira Saito</principal>
            <editor role="creator">Steven A. Wernke</editor>
            <editor role="creator">Jeremy Mumford</editor>
            <respStmt>
               <resp>Editing, proofreading, data entry and revision by</resp>
               <name type="person" ref="http://syriaca.org/documentation/editors.xml#swernke">Steven A. Wernke</name>
            </respStmt>
            <respStmt>
               <resp>Editing, proofreading, data entry and revision by</resp>
               <name type="person" ref="http://syriaca.org/documentation/editors.xml#jmumford">Jeremy Mumford</name>
            </respStmt>
         </titleStmt>
         <editionStmt>
            <edition n="1.0"/>
         </editionStmt>
         <publicationStmt>
            <authority>LOGAR Linked Open Gazetteer of the Andean Region</authority>
            <idno type="URI">http://logarandes.org/place/274/tei</idno>
            <availability>
               <licence target="http://creativecommons.org/licenses/by/3.0/">
                  <p>Distributed under a Creative Commons Attribution 3.0 Unported License.</p>
               </licence>
            </availability>
            <date>2016-05-09-04:00</date>
         </publicationStmt>
         <sourceDesc>
            <p>Born digital.</p>
         </sourceDesc>
      </fileDesc>
      <encodingDesc>
         <editorialDecl>
            <p>This record created following the LOGAR guidelines. 
                        Documentation available at: <ref target="http://logarandes.org/documentation">http://logarandes.org/documentation</ref>.</p>
         </editorialDecl>
      </encodingDesc>
      <revisionDesc>
         <change who="http://syriaca.org/documentation/editors.xml#wsalesky" n="1.0" when="2016-05-09-04:00">CREATED: place record</change>
      </revisionDesc>
   </teiHeader>
   <text>
      <body>
         <listPlace>
            <place xml:id="place-274" source="bib274-1">
               <placeName xml:id="name274-1" full="yes" type="standardized">San Juan de Payco</placeName>
               <placeName xml:id="name274-2" type="standardized-Spanish">San Juan de</placeName>
               <placeName xml:id="name274-3" type="standardized-Andean">Payco</placeName>
               <placeName xml:id="name274-4" type="verbatim">san Joan de payco</placeName>
               <location type="ancient">
                  <region type="audiencia">Lima</region>
                  <region type="ciudad">Guamanga</region>
                  <region type="corregimiento">Lucanas/Andamarcas</region>
                  <region type="repartimiento">
                     <placeName type="standardized" full="yes">Soras</placeName>
                     <placeName type="verbatim">soras</placeName>
                  </region>
                  <settlement type="pueblo">San Juan de Payco</settlement>
               </location>
               <location type="modern">
                  <country>Peru</country>
                  <region type="province">Sucre</region>
                  <region type="department">Ayacucho</region>
                  <settlement type="pueblo">Paico District</settlement>
               </location>
               <location type="gps">
                  <geo>-14.03842784 -73.64214752</geo>
               </location>
               <location>
                  <geo>-14 02 18.34080 -073 38 31.73280</geo>
               </location>
               <note>Same location as?: http://es.wikipedia.org/wiki/Distrito_de_Paico - Coordinates from: http://www.geographic.org/geographic_names/name.php?uni=-537566&amp;fid=4509&amp;c=peru - not the same location according to the Coordinates given on the Wikipedia page in you</note>
               <bibl xml:id="bib274-1">
                  <title>Levillier 1921-26 v9</title>
                  <citedRange unit="pp">179</citedRange>
               </bibl>
               <bibl xml:id="bib274-2">
                  <title>Levillier 1921-26 v9</title>
                  <citedRange unit="pp">179</citedRange>
               </bibl>
               <bibl xml:id="bib274-3">
                  <title>AGI Lima 464</title>
               </bibl>
               <idno type="URI">http://logarandes.org/place/274</idno>
               <note type="administrative" subtype="Moved">1</note>
               <note type="administrative" subtype="Move_ref">Google sat</note>
               <note type="administrative" subtype="Moved_by">Kohut</note>
               <note type="administrative" subtype="Move_date">12/7/2015</note>
               <note type="administrative" subtype="Delete_2">0</note>
            </place>
         </listPlace>
      </body>
   </text>
</TEI>