<TEI xmlns="http://www.tei-c.org/ns/1.0" xmlns:tei="http://www.tei-c.org/ns/1.0" xmlns:xd="http://www.oxygenxml.com/ns/doc/xsl" xml:lang="en">
   <teiHeader>
      <fileDesc>
         <titleStmt>
            <title level="a" xml:lang="es">Cordoba de Yanacanche</title>
            <title level="m">LOGAR Linked Open Gazetteer of the Andean Region</title>
            <sponsor>LOGAR Linked Open Gazetteer of the Andean Region</sponsor>
            <funder>The National Endowment for the Humanities</funder>
            <principal>Steven A. Wernke</principal>
            <principal>Akira Saito</principal>
            <editor role="creator">Steven A. Wernke</editor>
            <editor role="creator">Jeremy Mumford</editor>
            <respStmt>
               <resp>Editing, proofreading, data entry and revision by</resp>
               <name type="person" ref="http://syriaca.org/documentation/editors.xml#swernke">Steven A. Wernke</name>
            </respStmt>
            <respStmt>
               <resp>Editing, proofreading, data entry and revision by</resp>
               <name type="person" ref="http://syriaca.org/documentation/editors.xml#jmumford">Jeremy Mumford</name>
            </respStmt>
         </titleStmt>
         <editionStmt>
            <edition n="1.0"/>
         </editionStmt>
         <publicationStmt>
            <authority>LOGAR Linked Open Gazetteer of the Andean Region</authority>
            <idno type="URI">http://logarandes.org/place/280/tei</idno>
            <availability>
               <licence target="http://creativecommons.org/licenses/by/3.0/">
                  <p>Distributed under a Creative Commons Attribution 3.0 Unported License.</p>
               </licence>
            </availability>
            <date>2016-05-09-04:00</date>
         </publicationStmt>
         <sourceDesc>
            <p>Born digital.</p>
         </sourceDesc>
      </fileDesc>
      <encodingDesc>
         <editorialDecl>
            <p>This record created following the LOGAR guidelines. 
                        Documentation available at: <ref target="http://logarandes.org/documentation">http://logarandes.org/documentation</ref>.</p>
         </editorialDecl>
      </encodingDesc>
      <revisionDesc>
         <change who="http://syriaca.org/documentation/editors.xml#wsalesky" n="1.0" when="2016-05-09-04:00">CREATED: place record</change>
      </revisionDesc>
   </teiHeader>
   <text>
      <body>
         <listPlace>
            <place xml:id="place-280" source="bib280-1">
               <placeName xml:id="name280-1" full="yes" type="standardized">Cordoba de Yanacanche</placeName>
               <placeName xml:id="name280-2" type="standardized-Spanish">Cordoba de</placeName>
               <placeName xml:id="name280-3" type="standardized-Andean">Yanacanche</placeName>
               <placeName xml:id="name280-4" type="verbatim">cordoua de yanacanche</placeName>
               <location type="ancient">
                  <region type="audiencia">Lima</region>
                  <region type="ciudad">Guamanga</region>
                  <region type="corregimiento">Angaraes</region>
                  <region type="repartimiento">
                     <placeName type="standardized" full="yes">Chocorbos  de Guaitara</placeName>
                     <placeName type="verbatim">chocorbos  de Guaitara</placeName>
                  </region>
                  <settlement type="pueblo">Cordoba de Yanacanche</settlement>
               </location>
               <location type="modern">
                  <country>Peru</country>
                  <region type="province">Huaytará</region>
                  <region type="department">Huancavelica</region>
                  <settlement type="pueblo">Córdova</settlement>
                  <note type="modern-location">The city of Córdova is the capital of the Córdova district.</note>
               </location>
               <location type="gps">
                  <geo>-14.04121435 -75.18496958</geo>
               </location>
               <location>
                  <geo>-14 02 28.37040 -075 11 05.89200</geo>
               </location>
               <bibl xml:id="bib280-1">
                  <title>Levillier 1921-26 v9</title>
                  <citedRange unit="pp">180</citedRange>
               </bibl>
               <bibl xml:id="bib280-2">
                  <title>Levillier 1921-26 v9</title>
                  <citedRange unit="pp">180</citedRange>
               </bibl>
               <bibl xml:id="bib280-3">
                  <title>AGI Lima 464</title>
               </bibl>
               <idno type="URI">http://logarandes.org/place/280</idno>
               <note type="administrative" subtype="Moved">1</note>
               <note type="administrative" subtype="Move_ref">Google sat</note>
               <note type="administrative" subtype="Moved_by">Kohut</note>
               <note type="administrative" subtype="Move_date">12/8/2015</note>
               <note type="administrative" subtype="Delete_2">0</note>
            </place>
         </listPlace>
      </body>
   </text>
</TEI>