<TEI xmlns="http://www.tei-c.org/ns/1.0" xmlns:tei="http://www.tei-c.org/ns/1.0" xmlns:xd="http://www.oxygenxml.com/ns/doc/xsl" xml:lang="en">
   <teiHeader>
      <fileDesc>
         <titleStmt>
            <title level="a" xml:lang="es">Nuestra Señora del Pilar</title>
            <title level="m">LOGAR Linked Open Gazetteer of the Andean Region</title>
            <sponsor>LOGAR Linked Open Gazetteer of the Andean Region</sponsor>
            <funder>The National Endowment for the Humanities</funder>
            <principal>Steven A. Wernke</principal>
            <principal>Akira Saito</principal>
            <editor role="creator">Steven A. Wernke</editor>
            <editor role="creator">Jeremy Mumford</editor>
            <respStmt>
               <resp>Editing, proofreading, data entry and revision by</resp>
               <name type="person" ref="http://syriaca.org/documentation/editors.xml#swernke">Steven A. Wernke</name>
            </respStmt>
            <respStmt>
               <resp>Editing, proofreading, data entry and revision by</resp>
               <name type="person" ref="http://syriaca.org/documentation/editors.xml#jmumford">Jeremy Mumford</name>
            </respStmt>
         </titleStmt>
         <editionStmt>
            <edition n="1.0"/>
         </editionStmt>
         <publicationStmt>
            <authority>LOGAR Linked Open Gazetteer of the Andean Region</authority>
            <idno type="URI">http://logarandes.org/place/3/tei</idno>
            <availability>
               <licence target="http://creativecommons.org/licenses/by/3.0/">
                  <p>Distributed under a Creative Commons Attribution 3.0 Unported License.</p>
               </licence>
            </availability>
            <date>2016-05-09-04:00</date>
         </publicationStmt>
         <sourceDesc>
            <p>Born digital.</p>
         </sourceDesc>
      </fileDesc>
      <encodingDesc>
         <editorialDecl>
            <p>This record created following the LOGAR guidelines. 
                        Documentation available at: <ref target="http://logarandes.org/documentation">http://logarandes.org/documentation</ref>.</p>
         </editorialDecl>
      </encodingDesc>
      <revisionDesc>
         <change who="http://syriaca.org/documentation/editors.xml#wsalesky" n="1.0" when="2016-05-09-04:00">CREATED: place record</change>
      </revisionDesc>
   </teiHeader>
   <text>
      <body>
         <listPlace>
            <place xml:id="place-3" source="bib3-1">
               <placeName xml:id="name3-1" full="yes" type="standardized">Nuestra Señora del Pilar</placeName>
               <placeName xml:id="name3-2" type="standardized-Spanish">Nuestra Señora de</placeName>
               <placeName xml:id="name3-4" type="verbatim">nuestra señora del pilar</placeName>
               <location type="ancient">
                  <region type="audiencia">Lima</region>
                  <region type="ciudad">Piura</region>
                  <region type="corregimiento">Piura</region>
                  <region type="repartimiento">
                     <placeName type="standardized" full="yes">Yavaca [Ayavaca]</placeName>
                     <placeName type="verbatim">yavaca</placeName>
                  </region>
                  <settlement type="pueblo">Nuestra Señora del Pilar</settlement>
               </location>
               <location type="modern">
                  <country>Peru</country>
                  <region type="province">Ayabaca</region>
                  <region type="department">Piura</region>
                  <settlement type="pueblo">Ayabaca</settlement>
               </location>
               <location type="gps">
                  <geo>-4.640094674 -79.71522447</geo>
               </location>
               <location>
                  <geo>-04 38 24.34200 -079 42 54.80640</geo>
               </location>
               <note>Per Alejandro Diez, 11/2013</note>
               <bibl xml:id="bib3-1">
                  <title>Levillier 1921-26 v9</title>
                  <citedRange unit="pp">212</citedRange>
               </bibl>
               <bibl xml:id="bib3-2">
                  <title>Levillier 1921-26 v9</title>
                  <citedRange unit="pp">212</citedRange>
               </bibl>
               <bibl xml:id="bib3-3">
                  <title>AGI Lima 464</title>
               </bibl>
               <idno type="URI">http://logarandes.org/place/3</idno>
               <note type="administrative" subtype="Moved">1</note>
               <note type="administrative" subtype="Move_ref">Google sat</note>
               <note type="administrative" subtype="MR_other_notes">Full name of original reducción Nuestra Señora del Pilar de Ayavaca/Ayabaca. Unclear if present Ayabaca is in the same location or if the reducción was relocated at some point.</note>
               <note type="administrative" subtype="Moved_by">Wernke</note>
               <note type="administrative" subtype="Move_date">12/14/2015</note>
               <note type="administrative" subtype="Delete_2">0</note>
            </place>
         </listPlace>
      </body>
   </text>
</TEI>