<TEI xmlns="http://www.tei-c.org/ns/1.0" xmlns:tei="http://www.tei-c.org/ns/1.0" xmlns:xd="http://www.oxygenxml.com/ns/doc/xsl" xml:lang="en">
   <teiHeader>
      <fileDesc>
         <titleStmt>
            <title level="a" xml:lang="es">Olia [Omia?]</title>
            <title level="m">LOGAR Linked Open Gazetteer of the Andean Region</title>
            <sponsor>LOGAR Linked Open Gazetteer of the Andean Region</sponsor>
            <funder>The National Endowment for the Humanities</funder>
            <principal>Steven A. Wernke</principal>
            <principal>Akira Saito</principal>
            <editor role="creator">Steven A. Wernke</editor>
            <editor role="creator">Jeremy Mumford</editor>
            <respStmt>
               <resp>Editing, proofreading, data entry and revision by</resp>
               <name type="person" ref="http://syriaca.org/documentation/editors.xml#swernke">Steven A. Wernke</name>
            </respStmt>
            <respStmt>
               <resp>Editing, proofreading, data entry and revision by</resp>
               <name type="person" ref="http://syriaca.org/documentation/editors.xml#jmumford">Jeremy Mumford</name>
            </respStmt>
         </titleStmt>
         <editionStmt>
            <edition n="1.0"/>
         </editionStmt>
         <publicationStmt>
            <authority>LOGAR Linked Open Gazetteer of the Andean Region</authority>
            <idno type="URI">http://logarandes.org/place/31/tei</idno>
            <availability>
               <licence target="http://creativecommons.org/licenses/by/3.0/">
                  <p>Distributed under a Creative Commons Attribution 3.0 Unported License.</p>
               </licence>
            </availability>
            <date>2016-05-09-04:00</date>
         </publicationStmt>
         <sourceDesc>
            <p>Born digital.</p>
         </sourceDesc>
      </fileDesc>
      <encodingDesc>
         <editorialDecl>
            <p>This record created following the LOGAR guidelines. 
                        Documentation available at: <ref target="http://logarandes.org/documentation">http://logarandes.org/documentation</ref>.</p>
         </editorialDecl>
      </encodingDesc>
      <revisionDesc>
         <change who="http://syriaca.org/documentation/editors.xml#wsalesky" n="1.0" when="2016-05-09-04:00">CREATED: place record</change>
      </revisionDesc>
   </teiHeader>
   <text>
      <body>
         <listPlace>
            <place xml:id="place-31" source="bib31-1">
               <placeName xml:id="name31-1" full="yes" type="standardized">Olia [Omia?]</placeName>
               <placeName xml:id="name31-3" type="standardized-Andean">Olia [Omia?]</placeName>
               <placeName xml:id="name31-4" type="verbatim">dos pueblos del mesmo nombre</placeName>
               <location type="ancient">
                  <region type="audiencia">Lima</region>
                  <region type="ciudad">Chachapoyas</region>
                  <region type="corregimiento">Luya y Chillao</region>
                  <region type="repartimiento">
                     <placeName type="standardized" full="yes">Olia [Omia?] y Cheto</placeName>
                     <placeName type="verbatim">olia y cheto</placeName>
                  </region>
                  <settlement type="pueblo">Olia [Omia?]</settlement>
               </location>
               <location type="modern">
                  <country>Peru</country>
                  <region type="province">Rodriguez de Mendozas</region>
                  <region type="department">Amazonas</region>
                  <settlement type="pueblo">Omia</settlement>
               </location>
               <location type="gps">
                  <geo>-6.466638565 -77.39570618</geo>
               </location>
               <location>
                  <geo>-06 27 59.90040 -077 23 44.54160</geo>
               </location>
               <note>MAYBE. Not very close to Cheto.</note>
               <bibl xml:id="bib31-1">
                  <title>Levillier 1921-26 v9</title>
                  <citedRange unit="pp">217</citedRange>
               </bibl>
               <bibl xml:id="bib31-2">
                  <title>Levillier 1921-26 v9</title>
                  <citedRange unit="pp">217</citedRange>
               </bibl>
               <bibl xml:id="bib31-3">
                  <title>AGI Lima 464</title>
               </bibl>
               <idno type="URI">http://logarandes.org/place/31</idno>
               <note type="administrative" subtype="Moved">1</note>
               <note type="administrative" subtype="Move_ref">Digital Peru</note>
               <note type="administrative" subtype="MR_other_notes">Poor sat res</note>
               <note type="administrative" subtype="Moved_by">Kohut</note>
               <note type="administrative" subtype="Move_date">12/8/2015</note>
               <note type="administrative" subtype="Delete_2">0</note>
            </place>
         </listPlace>
      </body>
   </text>
</TEI>