<TEI xmlns="http://www.tei-c.org/ns/1.0" xmlns:tei="http://www.tei-c.org/ns/1.0" xmlns:xd="http://www.oxygenxml.com/ns/doc/xsl" xml:lang="en">
   <teiHeader>
      <fileDesc>
         <titleStmt>
            <title level="a" xml:lang="es">Ocaña</title>
            <title level="m">LOGAR Linked Open Gazetteer of the Andean Region</title>
            <sponsor>LOGAR Linked Open Gazetteer of the Andean Region</sponsor>
            <funder>The National Endowment for the Humanities</funder>
            <principal>Steven A. Wernke</principal>
            <principal>Akira Saito</principal>
            <editor role="creator">Steven A. Wernke</editor>
            <editor role="creator">Jeremy Mumford</editor>
            <respStmt>
               <resp>Editing, proofreading, data entry and revision by</resp>
               <name type="person" ref="http://syriaca.org/documentation/editors.xml#swernke">Steven A. Wernke</name>
            </respStmt>
            <respStmt>
               <resp>Editing, proofreading, data entry and revision by</resp>
               <name type="person" ref="http://syriaca.org/documentation/editors.xml#jmumford">Jeremy Mumford</name>
            </respStmt>
         </titleStmt>
         <editionStmt>
            <edition n="1.0"/>
         </editionStmt>
         <publicationStmt>
            <authority>LOGAR Linked Open Gazetteer of the Andean Region</authority>
            <idno type="URI">http://logarandes.org/place/311/tei</idno>
            <availability>
               <licence target="http://creativecommons.org/licenses/by/3.0/">
                  <p>Distributed under a Creative Commons Attribution 3.0 Unported License.</p>
               </licence>
            </availability>
            <date>2016-05-09-04:00</date>
         </publicationStmt>
         <sourceDesc>
            <p>Born digital.</p>
         </sourceDesc>
      </fileDesc>
      <encodingDesc>
         <editorialDecl>
            <p>This record created following the LOGAR guidelines. 
                        Documentation available at: <ref target="http://logarandes.org/documentation">http://logarandes.org/documentation</ref>.</p>
         </editorialDecl>
      </encodingDesc>
      <revisionDesc>
         <change who="http://syriaca.org/documentation/editors.xml#wsalesky" n="1.0" when="2016-05-09-04:00">CREATED: place record</change>
      </revisionDesc>
   </teiHeader>
   <text>
      <body>
         <listPlace>
            <place xml:id="place-311" source="bib311-1">
               <placeName xml:id="name311-1" full="yes" type="standardized">Ocaña</placeName>
               <placeName xml:id="name311-4" type="verbatim">ocaña</placeName>
               <location type="ancient">
                  <region type="audiencia">Lima</region>
                  <region type="ciudad">Arequipa</region>
                  <region type="corregimiento">Condesuyu</region>
                  <region type="repartimiento">
                     <placeName type="standardized" full="yes">Chuqibamba</placeName>
                     <placeName type="verbatim">chuqibamba</placeName>
                  </region>
                  <settlement type="pueblo">Ocaña</settlement>
               </location>
               <location type="modern">
                  <country>Peru</country>
                  <region type="province">Lucanas</region>
                  <region type="department">Ayacucho</region>
                  <settlement type="pueblo">Ocaña</settlement>
               </location>
               <location type="gps">
                  <geo>-15.83922398 -72.6514978</geo>
               </location>
               <location>
                  <geo>-15 50 21.20640 -072 39 05.39280</geo>
               </location>
               <note>Note that repts Ocoña (Luzia de Padilla) / Nasca mitimaes, below, are also resettled in this reduccion</note>
               <bibl xml:id="bib311-1">
                  <title>Levillier 1921-26 v9</title>
                  <citedRange unit="pp">173</citedRange>
               </bibl>
               <bibl xml:id="bib311-2">
                  <title>Levillier 1921-26 v9</title>
                  <citedRange unit="pp">173</citedRange>
               </bibl>
               <bibl xml:id="bib311-3">
                  <title>AGI Lima 464</title>
               </bibl>
               <idno type="URI">http://logarandes.org/place/311</idno>
               <note type="administrative" subtype="Moved">1</note>
               <note type="administrative" subtype="Move_ref">Google sat</note>
               <note type="administrative" subtype="Moved_by">Wernke</note>
               <note type="administrative" subtype="Move_date">1/14/2016</note>
               <note type="administrative" subtype="Delete_2">1</note>
            </place>
         </listPlace>
      </body>
   </text>
</TEI>