<TEI xmlns="http://www.tei-c.org/ns/1.0" xmlns:tei="http://www.tei-c.org/ns/1.0" xmlns:xd="http://www.oxygenxml.com/ns/doc/xsl" xml:lang="en">
   <teiHeader>
      <fileDesc>
         <titleStmt>
            <title level="a" xml:lang="es">San Juan de la Fuente [de Coporaque?]</title>
            <title level="m">LOGAR Linked Open Gazetteer of the Andean Region</title>
            <sponsor>LOGAR Linked Open Gazetteer of the Andean Region</sponsor>
            <funder>The National Endowment for the Humanities</funder>
            <principal>Steven A. Wernke</principal>
            <principal>Akira Saito</principal>
            <editor role="creator">Steven A. Wernke</editor>
            <editor role="creator">Jeremy Mumford</editor>
            <respStmt>
               <resp>Editing, proofreading, data entry and revision by</resp>
               <name type="person" ref="http://syriaca.org/documentation/editors.xml#swernke">Steven A. Wernke</name>
            </respStmt>
            <respStmt>
               <resp>Editing, proofreading, data entry and revision by</resp>
               <name type="person" ref="http://syriaca.org/documentation/editors.xml#jmumford">Jeremy Mumford</name>
            </respStmt>
         </titleStmt>
         <editionStmt>
            <edition n="1.0"/>
         </editionStmt>
         <publicationStmt>
            <authority>LOGAR Linked Open Gazetteer of the Andean Region</authority>
            <idno type="URI">http://logarandes.org/place/326/tei</idno>
            <availability>
               <licence target="http://creativecommons.org/licenses/by/3.0/">
                  <p>Distributed under a Creative Commons Attribution 3.0 Unported License.</p>
               </licence>
            </availability>
            <date>2016-05-09-04:00</date>
         </publicationStmt>
         <sourceDesc>
            <p>Born digital.</p>
         </sourceDesc>
      </fileDesc>
      <encodingDesc>
         <editorialDecl>
            <p>This record created following the LOGAR guidelines. 
                        Documentation available at: <ref target="http://logarandes.org/documentation">http://logarandes.org/documentation</ref>.</p>
         </editorialDecl>
      </encodingDesc>
      <revisionDesc>
         <change who="http://syriaca.org/documentation/editors.xml#wsalesky" n="1.0" when="2016-05-09-04:00">CREATED: place record</change>
      </revisionDesc>
   </teiHeader>
   <text>
      <body>
         <listPlace>
            <place xml:id="place-326" source="bib326-1">
               <placeName xml:id="name326-1" full="yes" type="standardized">San Juan de la Fuente [de Coporaque?]</placeName>
               <placeName xml:id="name326-2" type="standardized-Spanish">San Juan de</placeName>
               <placeName xml:id="name326-3" type="standardized-Andean">[Coporaque?]</placeName>
               <placeName xml:id="name326-4" type="verbatim">sant joan de la Fuente</placeName>
               <location type="ancient">
                  <region type="audiencia">Lima</region>
                  <region type="ciudad">Cuzco</region>
                  <region type="corregimiento">Canas</region>
                  <region type="repartimiento">
                     <placeName type="standardized" full="yes">Coporaque</placeName>
                     <placeName type="verbatim">coporaque</placeName>
                  </region>
                  <region type="repartimiento">
                     <placeName type="standardized" full="yes">hancocaua</placeName>
                     <placeName type="verbatim"/>
                  </region>
                  <settlement type="pueblo">San Juan de la Fuente [de Coporaque?]</settlement>
               </location>
               <location type="modern">
                  <country>Peru</country>
                  <region type="province">Espinar</region>
                  <region type="department">Cusco</region>
               </location>
               <location type="gps">
                  <geo>-14.80075151 -71.53174666</geo>
               </location>
               <location>
                  <geo>-14 48 02.70720 -071 31 54.28920</geo>
               </location>
               <note>[Note to self: distinguish from Coporaque in Colca valley?]</note>
               <bibl xml:id="bib326-1">
                  <title>Levillier 1921-26 v9</title>
                  <citedRange unit="pp">157</citedRange>
               </bibl>
               <bibl xml:id="bib326-2">
                  <title>Levillier 1921-26 v9</title>
                  <citedRange unit="pp">157</citedRange>
               </bibl>
               <bibl xml:id="bib326-3">
                  <title>AGI Lima 464</title>
               </bibl>
               <idno type="URI">http://logarandes.org/place/326</idno>
               <note type="administrative" subtype="Moved">1</note>
               <note type="administrative" subtype="Move_ref">Google sat</note>
               <note type="administrative" subtype="Moved_by">Wernke</note>
               <note type="administrative" subtype="Move_date">11/25/2015</note>
               <note type="administrative" subtype="Delete_2">0</note>
            </place>
         </listPlace>
      </body>
   </text>
</TEI>