<TEI xmlns="http://www.tei-c.org/ns/1.0" xmlns:tei="http://www.tei-c.org/ns/1.0" xmlns:xd="http://www.oxygenxml.com/ns/doc/xsl" xml:lang="en">
   <teiHeader>
      <fileDesc>
         <titleStmt>
            <title level="a" xml:lang="es">Santa Ana de Guaycaguacho</title>
            <title level="m">LOGAR Linked Open Gazetteer of the Andean Region</title>
            <sponsor>LOGAR Linked Open Gazetteer of the Andean Region</sponsor>
            <funder>The National Endowment for the Humanities</funder>
            <principal>Steven A. Wernke</principal>
            <principal>Akira Saito</principal>
            <editor role="creator">Steven A. Wernke</editor>
            <editor role="creator">Jeremy Mumford</editor>
                <editor role="creator">Tomoko Koyama</editor>
            <respStmt>
               <resp>Editing, proofreading, data entry and revision by</resp>
               <name type="person" ref="http://syriaca.org/documentation/editors.xml#swernke">Steven A. Wernke</name>
            </respStmt>
            <respStmt>
               <resp>Editing, proofreading, data entry and revision by</resp>
               <name type="person" ref="http://syriaca.org/documentation/editors.xml#jmumford">Jeremy Mumford</name>
            </respStmt>
                <respStmt>
                    <resp>Editing for locational accuracy by </resp>
                    <name type="person">Tomoko Koyama</name>
                </respStmt>
         </titleStmt>
         <editionStmt>
            <edition n="1.0"/>
         </editionStmt>
         <publicationStmt>
            <authority>LOGAR Linked Open Gazetteer of the Andean Region</authority>
            <idno type="URI">http://logarandes.org/place/334/tei</idno>
            <availability>
               <licence target="http://creativecommons.org/licenses/by/3.0/">
                  <p>Distributed under a Creative Commons Attribution 3.0 Unported License.</p>
               </licence>
            </availability>
            <date>2016-05-09-04:00</date>
         </publicationStmt>
         <sourceDesc>
            <p>Born digital.</p>
         </sourceDesc>
      </fileDesc>
      <encodingDesc>
         <editorialDecl>
            <p>This record created following the LOGAR guidelines. 
                        Documentation available at: <ref target="http://logarandes.org/documentation">http://logarandes.org/documentation</ref>.</p>
         </editorialDecl>
      </encodingDesc>
      <revisionDesc>
         <change who="http://syriaca.org/documentation/editors.xml#admin" n="1.0" when="2016-05-09-04:00">Location corrections provided by Akira Saito of the National Museum of Ethnology, Japan and his team. </change>
            <change who="http://syriaca.org/documentation/editors.xml#wsalesky" n="1.0" when="2016-05-09-04:00">CREATED: place record</change>
      </revisionDesc>
   </teiHeader>
   <text>
      <body>
         <listPlace>
            <place xml:id="place-334" source="bib334-1">
               <placeName xml:id="name334-1" full="yes" type="standardized">Santa Ana de Guaycaguacho</placeName>
               <placeName xml:id="name334-2" type="standardized-Spanish">Santa Ana de</placeName>
               <placeName xml:id="name334-3" type="standardized-Andean">Guaycaguacho</placeName>
               <placeName xml:id="name334-4" type="verbatim">santa ana de Guaycaguacho</placeName>
               <location type="ancient">
                  <region type="audiencia">Lima</region>
                  <region type="ciudad">Guamanga</region>
                  <region type="corregimiento">Lucanas/Andamarcas</region>
                  <region type="repartimiento">
                     <placeName type="standardized" full="yes">Lucanas Andamarcas</placeName>
                     <placeName type="verbatim">Lucanas andamarcas</placeName>
                  </region>
                  <settlement type="pueblo">Santa Ana de Guaycaguacho</settlement>
               </location>
               <location type="modern">
                  <country>Peru</country>
                  <region type="province">Lucanas</region>
                  <region type="department">Ayacucho</region>
                  <settlement type="pueblo">Santa Ana de Huaycahuacho</settlement>
               </location>
               <location type="gps" source="#bib334-3">
                        <geo>-14.22678 -73.95682</geo>
                    </location>
               <location>
                  <geo>-14 44 49.39440 -074 07 16.14360</geo>
               </location>
               <note>Coordinates from: http://www.geographic.org/geographic_names/name.php?uni=-543503&amp;fid=4584&amp;c=peru</note>
               <bibl xml:id="bib334-1">
                  <title>Levillier 1921-26 v9</title>
                  <citedRange unit="pp">179</citedRange>
               </bibl>
               <bibl xml:id="bib334-2">
                  <title>Levillier 1921-26 v9</title>
                  <citedRange unit="pp">179</citedRange>
               </bibl>
               <bibl xml:id="bib334-3">
                  <title>AGI Lima 464</title>
               <citedRange unit="part">29v</citedRange>
                    </bibl>
               <idno type="URI">http://logarandes.org/place/334</idno>
               <note type="administrative" subtype="Moved">1</note>
               <note type="administrative" subtype="Move_ref">Google sat</note>
               <note type="administrative" subtype="MR_other_notes">And Digital Peru</note>
               <note type="administrative" subtype="Moved_by">Kohut</note>
               <note type="administrative" subtype="Move_date">3/24/2016</note>
               <note type="administrative" subtype="Delete_2">0</note>
            </place>
         </listPlace>
      </body>
   </text>
</TEI>