<TEI xmlns="http://www.tei-c.org/ns/1.0" xmlns:tei="http://www.tei-c.org/ns/1.0" xmlns:xd="http://www.oxygenxml.com/ns/doc/xsl" xml:lang="en">
   <teiHeader>
      <fileDesc>
         <titleStmt>
            <title level="a" xml:lang="es">Carijana</title>
            <title level="m">LOGAR Linked Open Gazetteer of the Andean Region</title>
            <sponsor>LOGAR Linked Open Gazetteer of the Andean Region</sponsor>
            <funder>The National Endowment for the Humanities</funder>
            <principal>Steven A. Wernke</principal>
            <principal>Akira Saito</principal>
            <editor role="creator">Steven A. Wernke</editor>
            <editor role="creator">Jeremy Mumford</editor>
            <respStmt>
               <resp>Editing, proofreading, data entry and revision by</resp>
               <name type="person" ref="http://syriaca.org/documentation/editors.xml#swernke">Steven A. Wernke</name>
            </respStmt>
            <respStmt>
               <resp>Editing, proofreading, data entry and revision by</resp>
               <name type="person" ref="http://syriaca.org/documentation/editors.xml#jmumford">Jeremy Mumford</name>
            </respStmt>
         </titleStmt>
         <editionStmt>
            <edition n="1.0"/>
         </editionStmt>
         <publicationStmt>
            <authority>LOGAR Linked Open Gazetteer of the Andean Region</authority>
            <idno type="URI">http://logarandes.org/place/341/tei</idno>
            <availability>
               <licence target="http://creativecommons.org/licenses/by/3.0/">
                  <p>Distributed under a Creative Commons Attribution 3.0 Unported License.</p>
               </licence>
            </availability>
            <date>2016-05-09-04:00</date>
         </publicationStmt>
         <sourceDesc>
            <p>Born digital.</p>
         </sourceDesc>
      </fileDesc>
      <encodingDesc>
         <editorialDecl>
            <p>This record created following the LOGAR guidelines. 
                        Documentation available at: <ref target="http://logarandes.org/documentation">http://logarandes.org/documentation</ref>.</p>
         </editorialDecl>
      </encodingDesc>
      <revisionDesc>
         <change who="http://syriaca.org/documentation/editors.xml#wsalesky" n="1.0" when="2016-05-09-04:00">CREATED: place record</change>
      </revisionDesc>
   </teiHeader>
   <text>
      <body>
         <listPlace>
            <place xml:id="place-341" source="bib341-1">
               <placeName xml:id="name341-1" full="yes" type="standardized">Carijana</placeName>
               <placeName xml:id="name341-3" type="standardized-Andean">Carijana</placeName>
               <placeName xml:id="name341-4" type="verbatim">carijana</placeName>
               <location type="ancient">
                  <region type="audiencia">La Plata</region>
                  <region type="ciudad">La Paz</region>
                  <region type="corregimiento">Larecaja</region>
                  <region type="repartimiento">
                     <placeName type="standardized" full="yes">Charazane</placeName>
                     <placeName type="verbatim">Charaçana</placeName>
                  </region>
                  <region type="repartimiento">
                     <placeName type="standardized" full="yes">Various</placeName>
                     <placeName type="verbatim"/>
                  </region>
                  <settlement type="pueblo">Carijana</settlement>
                  <note type="repartimiento">Charazane, Mocomoco, Usadca, Carijana: "asimesmo estan rreducidos en estos pueblos otros 300 yndios tributarios de diuersos repartimientos."</note>
               </location>
               <location type="modern">
                  <country>Bolivia</country>
                  <region type="province">Bautista Saavedra</region>
                  <region type="department">La Paz</region>
                  <settlement type="pueblo">Carijana</settlement>
               </location>
               <bibl xml:id="bib341-1">
                  <title>Levillier 1921-26 v9</title>
                  <citedRange unit="pp">145</citedRange>
               </bibl>
               <bibl xml:id="bib341-2">
                  <title>Levillier 1921-26 v9</title>
                  <citedRange unit="pp">145</citedRange>
               </bibl>
               <bibl xml:id="bib341-3">
                  <title>AGI Lima 464</title>
               </bibl>
               <idno type="URI">http://logarandes.org/place/341</idno>
               <note type="administrative" subtype="Moved">1</note>
               <note type="administrative" subtype="Move_ref">Google map</note>
               <note type="administrative" subtype="MR_other_notes">Name appears here on Google Earth and maps, but satellite image resolution insufficient to locate visually.</note>
               <note type="administrative" subtype="Moved_by">Mumford</note>
               <note type="administrative" subtype="Move_date">12/11/2015</note>
               <note type="administrative" subtype="Delete_2">0</note>
            </place>
         </listPlace>
      </body>
   </text>
</TEI>