<TEI xmlns="http://www.tei-c.org/ns/1.0" xmlns:tei="http://www.tei-c.org/ns/1.0" xmlns:xd="http://www.oxygenxml.com/ns/doc/xsl" xml:lang="en">
   <teiHeader>
      <fileDesc>
         <titleStmt>
            <title level="a" xml:lang="es">Hontiveros</title>
            <title level="m">LOGAR Linked Open Gazetteer of the Andean Region</title>
            <sponsor>LOGAR Linked Open Gazetteer of the Andean Region</sponsor>
            <funder>The National Endowment for the Humanities</funder>
            <principal>Steven A. Wernke</principal>
            <principal>Akira Saito</principal>
            <editor role="creator">Steven A. Wernke</editor>
            <editor role="creator">Jeremy Mumford</editor>
            <respStmt>
               <resp>Editing, proofreading, data entry and revision by</resp>
               <name type="person" ref="http://syriaca.org/documentation/editors.xml#swernke">Steven A. Wernke</name>
            </respStmt>
            <respStmt>
               <resp>Editing, proofreading, data entry and revision by</resp>
               <name type="person" ref="http://syriaca.org/documentation/editors.xml#jmumford">Jeremy Mumford</name>
            </respStmt>
         </titleStmt>
         <editionStmt>
            <edition n="1.0"/>
         </editionStmt>
         <publicationStmt>
            <authority>LOGAR Linked Open Gazetteer of the Andean Region</authority>
            <idno type="URI">http://logarandes.org/place/345/tei</idno>
            <availability>
               <licence target="http://creativecommons.org/licenses/by/3.0/">
                  <p>Distributed under a Creative Commons Attribution 3.0 Unported License.</p>
               </licence>
            </availability>
            <date>2016-05-09-04:00</date>
         </publicationStmt>
         <sourceDesc>
            <p>Born digital.</p>
         </sourceDesc>
      </fileDesc>
      <encodingDesc>
         <editorialDecl>
            <p>This record created following the LOGAR guidelines. 
                        Documentation available at: <ref target="http://logarandes.org/documentation">http://logarandes.org/documentation</ref>.</p>
         </editorialDecl>
      </encodingDesc>
      <revisionDesc>
         <change who="http://syriaca.org/documentation/editors.xml#wsalesky" n="1.0" when="2016-05-09-04:00">CREATED: place record</change>
      </revisionDesc>
   </teiHeader>
   <text>
      <body>
         <listPlace>
            <place xml:id="place-345" source="bib345-1">
               <placeName xml:id="name345-1" full="yes" type="standardized">Hontiveros</placeName>
               <placeName xml:id="name345-2" type="standardized-Spanish">Hontiveros</placeName>
               <placeName xml:id="name345-3" type="standardized-Andean">Hontiveros</placeName>
               <placeName xml:id="name345-4" type="verbatim">hontiueros</placeName>
               <location type="ancient">
                  <region type="audiencia">Lima</region>
                  <region type="ciudad">Cuzco</region>
                  <region type="corregimiento">Condesuyu</region>
                  <region type="repartimiento">
                     <placeName type="standardized" full="yes">Alca</placeName>
                     <placeName type="verbatim">alca</placeName>
                  </region>
                  <settlement type="pueblo">Hontiveros</settlement>
               </location>
               <location type="modern">
                  <country>Peru</country>
                  <region type="province">La Union</region>
                  <region type="department">Arequipa</region>
                  <settlement type="pueblo">Alca</settlement>
               </location>
               <location type="gps">
                  <geo>-15.13455338 -72.76493286</geo>
               </location>
               <location>
                  <geo>-15 08 04.39080 -072 45 53.75880</geo>
               </location>
               <bibl xml:id="bib345-1">
                  <title>Levillier 1921-26 v9</title>
                  <citedRange unit="pp">159</citedRange>
               </bibl>
               <bibl xml:id="bib345-2">
                  <title>Levillier 1921-26 v9</title>
                  <citedRange unit="pp">159</citedRange>
               </bibl>
               <bibl xml:id="bib345-3">
                  <title>AGI Lima 464</title>
               </bibl>
               <idno type="URI">http://logarandes.org/place/345</idno>
               <note type="administrative" subtype="Moved">1</note>
               <note type="administrative" subtype="Move_ref">Google sat</note>
               <note type="administrative" subtype="MR_other_notes">Modern Alca corresponds to Hotiveros: "El rrepartimiento de alca encomendado en mansio sierra de Leguizamo que tiene 938 yndios tributarios y 4490 personas rreduzidos en vn pueblo llamado hontiueros."</note>
               <note type="administrative" subtype="Moved_by">Wernke</note>
               <note type="administrative" subtype="Move_date">1/7/2016</note>
            </place>
         </listPlace>
      </body>
   </text>
</TEI>