<TEI xmlns="http://www.tei-c.org/ns/1.0" xmlns:tei="http://www.tei-c.org/ns/1.0" xmlns:xd="http://www.oxygenxml.com/ns/doc/xsl" xml:lang="en">
   <teiHeader>
      <fileDesc>
         <titleStmt>
            <title level="a" xml:lang="es">San Juan de Charazane</title>
            <title level="m">LOGAR Linked Open Gazetteer of the Andean Region</title>
            <sponsor>LOGAR Linked Open Gazetteer of the Andean Region</sponsor>
            <funder>The National Endowment for the Humanities</funder>
            <principal>Steven A. Wernke</principal>
            <principal>Akira Saito</principal>
            <editor role="creator">Steven A. Wernke</editor>
            <editor role="creator">Jeremy Mumford</editor>
            <respStmt>
               <resp>Editing, proofreading, data entry and revision by</resp>
               <name type="person" ref="http://syriaca.org/documentation/editors.xml#swernke">Steven A. Wernke</name>
            </respStmt>
            <respStmt>
               <resp>Editing, proofreading, data entry and revision by</resp>
               <name type="person" ref="http://syriaca.org/documentation/editors.xml#jmumford">Jeremy Mumford</name>
            </respStmt>
         </titleStmt>
         <editionStmt>
            <edition n="1.0"/>
         </editionStmt>
         <publicationStmt>
            <authority>LOGAR Linked Open Gazetteer of the Andean Region</authority>
            <idno type="URI">http://logarandes.org/place/346/tei</idno>
            <availability>
               <licence target="http://creativecommons.org/licenses/by/3.0/">
                  <p>Distributed under a Creative Commons Attribution 3.0 Unported License.</p>
               </licence>
            </availability>
            <date>2016-05-09-04:00</date>
         </publicationStmt>
         <sourceDesc>
            <p>Born digital.</p>
         </sourceDesc>
      </fileDesc>
      <encodingDesc>
         <editorialDecl>
            <p>This record created following the LOGAR guidelines. 
                        Documentation available at: <ref target="http://logarandes.org/documentation">http://logarandes.org/documentation</ref>.</p>
         </editorialDecl>
      </encodingDesc>
      <revisionDesc>
         <change who="http://syriaca.org/documentation/editors.xml#wsalesky" n="1.0" when="2016-05-09-04:00">CREATED: place record</change>
      </revisionDesc>
   </teiHeader>
   <text>
      <body>
         <listPlace>
            <place xml:id="place-346" source="bib346-1">
               <placeName xml:id="name346-1" full="yes" type="standardized">San Juan de Charazane</placeName>
               <placeName xml:id="name346-2" type="standardized-Spanish">San Juan de</placeName>
               <placeName xml:id="name346-3" type="standardized-Andean">Charazane</placeName>
               <placeName xml:id="name346-4" type="verbatim">san Joan de charazana</placeName>
               <location type="ancient">
                  <region type="audiencia">La Plata</region>
                  <region type="ciudad">La Paz</region>
                  <region type="corregimiento">Larecaja</region>
                  <region type="repartimiento">
                     <placeName type="standardized" full="yes">Charazane</placeName>
                     <placeName type="verbatim">Charaçana</placeName>
                  </region>
                  <region type="repartimiento">
                     <placeName type="standardized" full="yes">Various</placeName>
                     <placeName type="verbatim"/>
                  </region>
                  <settlement type="pueblo">San Juan de Charazane</settlement>
                  <note type="repartimiento">Charazane, Mocomoco, Usadca, Carijana: "asimesmo estan rreducidos en estos pueblos otros 300 yndios tributarios de diuersos repartimientos."</note>
               </location>
               <location type="modern">
                  <country>Bolivia</country>
                  <region type="province">Bautista Saavedra</region>
                  <region type="department">La Paz</region>
                  <settlement type="pueblo">Charazani</settlement>
               </location>
               <location type="gps">
                  <geo>-15.17634643 -68.99512047</geo>
               </location>
               <location>
                  <geo>-15 10 34.84560 -068 59 42.43200</geo>
               </location>
               <bibl xml:id="bib346-1">
                  <title>Levillier 1921-26 v9</title>
                  <citedRange unit="pp">145</citedRange>
               </bibl>
               <bibl xml:id="bib346-2">
                  <title>Levillier 1921-26 v9</title>
                  <citedRange unit="pp">145</citedRange>
               </bibl>
               <bibl xml:id="bib346-3">
                  <title>AGI Lima 464</title>
               </bibl>
               <idno type="URI">http://logarandes.org/place/346</idno>
               <note type="administrative" subtype="Moved">1</note>
               <note type="administrative" subtype="Move_ref">Bing sat</note>
               <note type="administrative" subtype="MR_other_notes">Bing satellite with annotation.</note>
               <note type="administrative" subtype="Moved_by">Wernke</note>
               <note type="administrative" subtype="Move_date">12/16/2015</note>
               <note type="administrative" subtype="Delete_2">0</note>
            </place>
         </listPlace>
      </body>
   </text>
</TEI>