<TEI xmlns="http://www.tei-c.org/ns/1.0" xmlns:tei="http://www.tei-c.org/ns/1.0" xmlns:xd="http://www.oxygenxml.com/ns/doc/xsl" xml:lang="en">
   <teiHeader>
      <fileDesc>
         <titleStmt>
            <title level="a" xml:lang="es">San Pedro de Moho</title>
            <title level="m">LOGAR Linked Open Gazetteer of the Andean Region</title>
            <sponsor>LOGAR Linked Open Gazetteer of the Andean Region</sponsor>
            <funder>The National Endowment for the Humanities</funder>
            <principal>Steven A. Wernke</principal>
            <principal>Akira Saito</principal>
            <editor role="creator">Steven A. Wernke</editor>
            <editor role="creator">Jeremy Mumford</editor>
            <respStmt>
               <resp>Editing, proofreading, data entry and revision by</resp>
               <name type="person" ref="http://syriaca.org/documentation/editors.xml#swernke">Steven A. Wernke</name>
            </respStmt>
            <respStmt>
               <resp>Editing, proofreading, data entry and revision by</resp>
               <name type="person" ref="http://syriaca.org/documentation/editors.xml#jmumford">Jeremy Mumford</name>
            </respStmt>
         </titleStmt>
         <editionStmt>
            <edition n="1.0"/>
         </editionStmt>
         <publicationStmt>
            <authority>LOGAR Linked Open Gazetteer of the Andean Region</authority>
            <idno type="URI">http://logarandes.org/place/353/tei</idno>
            <availability>
               <licence target="http://creativecommons.org/licenses/by/3.0/">
                  <p>Distributed under a Creative Commons Attribution 3.0 Unported License.</p>
               </licence>
            </availability>
            <date>2016-05-09-04:00</date>
         </publicationStmt>
         <sourceDesc>
            <p>Born digital.</p>
         </sourceDesc>
      </fileDesc>
      <encodingDesc>
         <editorialDecl>
            <p>This record created following the LOGAR guidelines. 
                        Documentation available at: <ref target="http://logarandes.org/documentation">http://logarandes.org/documentation</ref>.</p>
         </editorialDecl>
      </encodingDesc>
      <revisionDesc>
         <change who="http://syriaca.org/documentation/editors.xml#wsalesky" n="1.0" when="2016-05-09-04:00">CREATED: place record</change>
      </revisionDesc>
   </teiHeader>
   <text>
      <body>
         <listPlace>
            <place xml:id="place-353" source="bib353-1">
               <placeName xml:id="name353-1" full="yes" type="standardized">San Pedro de Moho</placeName>
               <placeName xml:id="name353-2" type="standardized-Spanish">San Pedro de</placeName>
               <placeName xml:id="name353-3" type="standardized-Andean">Moho</placeName>
               <placeName xml:id="name353-4" type="verbatim">san pedro de moho</placeName>
               <location type="ancient">
                  <region type="audiencia">La Plata</region>
                  <region type="ciudad">La Paz</region>
                  <region type="corregimiento">Paucarcolla</region>
                  <region type="repartimiento">
                     <placeName type="standardized" full="yes">Moho y Conima</placeName>
                     <placeName type="verbatim">Moho y conima</placeName>
                  </region>
                  <settlement type="pueblo">San Pedro de Moho</settlement>
               </location>
               <location type="modern">
                  <country>Peru</country>
                  <region type="province">Moho</region>
                  <region type="department">Puno</region>
                  <settlement type="pueblo">Moho</settlement>
               </location>
               <population>
                  <desc>2758</desc>
               </population>
               <population source="bib353-1" type="tributaries">
                  <desc>585</desc>
               </population>
               <location type="gps">
                  <geo>-15.36083333 -69.49987832</geo>
               </location>
               <location>
                  <geo>-15 21 38.99880 -069 29 59.56080</geo>
               </location>
               <bibl xml:id="bib353-1">
                  <title>Levillier 1921-26 v9</title>
                  <citedRange unit="pp">148</citedRange>
               </bibl>
               <bibl xml:id="bib353-2">
                  <title>Levillier 1921-26 v9</title>
                  <citedRange unit="pp">148</citedRange>
               </bibl>
               <bibl xml:id="bib353-3">
                  <title>AGI Lima 464</title>
               </bibl>
               <idno type="URI">http://logarandes.org/place/353</idno>
               <note type="administrative" subtype="Moved">1</note>
               <note type="administrative" subtype="Move_ref">Google sat</note>
               <note type="administrative" subtype="Moved_by">Wernke</note>
               <note type="administrative" subtype="Move_date">12/3/2015</note>
               <note type="administrative" subtype="Delete_2">0</note>
            </place>
         </listPlace>
      </body>
   </text>
</TEI>