<TEI xmlns="http://www.tei-c.org/ns/1.0" xmlns:tei="http://www.tei-c.org/ns/1.0" xmlns:xd="http://www.oxygenxml.com/ns/doc/xsl" xml:lang="en">
   <teiHeader>
      <fileDesc>
         <titleStmt>
            <title level="a" xml:lang="es">San Salvador [de Capachica]</title>
            <title level="m">LOGAR Linked Open Gazetteer of the Andean Region</title>
            <sponsor>LOGAR Linked Open Gazetteer of the Andean Region</sponsor>
            <funder>The National Endowment for the Humanities</funder>
            <principal>Steven A. Wernke</principal>
            <principal>Akira Saito</principal>
            <editor role="creator">Steven A. Wernke</editor>
            <editor role="creator">Jeremy Mumford</editor>
            <respStmt>
               <resp>Editing, proofreading, data entry and revision by</resp>
               <name type="person" ref="http://syriaca.org/documentation/editors.xml#swernke">Steven A. Wernke</name>
            </respStmt>
            <respStmt>
               <resp>Editing, proofreading, data entry and revision by</resp>
               <name type="person" ref="http://syriaca.org/documentation/editors.xml#jmumford">Jeremy Mumford</name>
            </respStmt>
         </titleStmt>
         <editionStmt>
            <edition n="1.0"/>
         </editionStmt>
         <publicationStmt>
            <authority>LOGAR Linked Open Gazetteer of the Andean Region</authority>
            <idno type="URI">http://logarandes.org/place/378/tei</idno>
            <availability>
               <licence target="http://creativecommons.org/licenses/by/3.0/">
                  <p>Distributed under a Creative Commons Attribution 3.0 Unported License.</p>
               </licence>
            </availability>
            <date>2016-05-09-04:00</date>
         </publicationStmt>
         <sourceDesc>
            <p>Born digital.</p>
         </sourceDesc>
      </fileDesc>
      <encodingDesc>
         <editorialDecl>
            <p>This record created following the LOGAR guidelines. 
                        Documentation available at: <ref target="http://logarandes.org/documentation">http://logarandes.org/documentation</ref>.</p>
         </editorialDecl>
      </encodingDesc>
      <revisionDesc>
         <change who="http://syriaca.org/documentation/editors.xml#wsalesky" n="1.0" when="2016-05-09-04:00">CREATED: place record</change>
      </revisionDesc>
   </teiHeader>
   <text>
      <body>
         <listPlace>
            <place xml:id="place-378" source="bib378-1">
               <placeName xml:id="name378-1" full="yes" type="standardized">San Salvador [de Capachica]</placeName>
               <placeName xml:id="name378-2" type="standardized-Spanish">San Salvador</placeName>
               <placeName xml:id="name378-3" type="standardized-Andean">[de Capachica]</placeName>
               <placeName xml:id="name378-4" type="verbatim">san saluador</placeName>
               <location type="ancient">
                  <region type="audiencia">La Plata</region>
                  <region type="ciudad">La Paz</region>
                  <region type="corregimiento">Paucarcolla</region>
                  <region type="repartimiento">
                     <placeName type="standardized" full="yes">Capachica</placeName>
                     <placeName type="verbatim">la pachica</placeName>
                  </region>
                  <settlement type="pueblo">San Salvador [de Capachica]</settlement>
               </location>
               <location type="modern">
                  <country>Peru</country>
                  <region type="province">Puno</region>
                  <region type="department">Puno</region>
                  <settlement type="pueblo">Capachica</settlement>
               </location>
               <population>
                  <desc>5360</desc>
               </population>
               <population source="bib378-1" type="tributaries">
                  <desc>1303</desc>
               </population>
               <location type="gps">
                  <geo>-15.64197849 -69.83084375</geo>
               </location>
               <location>
                  <geo>-15 38 31.12080 -069 49 51.03840</geo>
               </location>
               <bibl xml:id="bib378-1">
                  <title>Levillier 1921-26 v9</title>
                  <citedRange unit="pp">148</citedRange>
               </bibl>
               <bibl xml:id="bib378-2">
                  <title>Levillier 1921-26 v9</title>
                  <citedRange unit="pp">148</citedRange>
               </bibl>
               <bibl xml:id="bib378-3">
                  <title>AGI Lima 464</title>
               </bibl>
               <idno type="URI">http://logarandes.org/place/378</idno>
               <note type="administrative" subtype="Moved">1</note>
               <note type="administrative" subtype="Move_ref">Google sat</note>
               <note type="administrative" subtype="Moved_by">Wernke</note>
               <note type="administrative" subtype="Move_date">11/24/2015</note>
               <note type="administrative" subtype="Delete_2">0</note>
            </place>
         </listPlace>
      </body>
   </text>
</TEI>