<TEI xmlns="http://www.tei-c.org/ns/1.0" xmlns:tei="http://www.tei-c.org/ns/1.0" xmlns:xd="http://www.oxygenxml.com/ns/doc/xsl" xml:lang="en">
   <teiHeader>
      <fileDesc>
         <titleStmt>
            <title level="a" xml:lang="es">Hatuncolla</title>
            <title level="m">LOGAR Linked Open Gazetteer of the Andean Region</title>
            <sponsor>LOGAR Linked Open Gazetteer of the Andean Region</sponsor>
            <funder>The National Endowment for the Humanities</funder>
            <principal>Steven A. Wernke</principal>
            <principal>Akira Saito</principal>
            <editor role="creator">Steven A. Wernke</editor>
            <editor role="creator">Jeremy Mumford</editor>
            <respStmt>
               <resp>Editing, proofreading, data entry and revision by</resp>
               <name type="person" ref="http://syriaca.org/documentation/editors.xml#swernke">Steven A. Wernke</name>
            </respStmt>
            <respStmt>
               <resp>Editing, proofreading, data entry and revision by</resp>
               <name type="person" ref="http://syriaca.org/documentation/editors.xml#jmumford">Jeremy Mumford</name>
            </respStmt>
         </titleStmt>
         <editionStmt>
            <edition n="1.0"/>
         </editionStmt>
         <publicationStmt>
            <authority>LOGAR Linked Open Gazetteer of the Andean Region</authority>
            <idno type="URI">http://logarandes.org/place/385/tei</idno>
            <availability>
               <licence target="http://creativecommons.org/licenses/by/3.0/">
                  <p>Distributed under a Creative Commons Attribution 3.0 Unported License.</p>
               </licence>
            </availability>
            <date>2016-05-09-04:00</date>
         </publicationStmt>
         <sourceDesc>
            <p>Born digital.</p>
         </sourceDesc>
      </fileDesc>
      <encodingDesc>
         <editorialDecl>
            <p>This record created following the LOGAR guidelines. 
                        Documentation available at: <ref target="http://logarandes.org/documentation">http://logarandes.org/documentation</ref>.</p>
         </editorialDecl>
      </encodingDesc>
      <revisionDesc>
         <change who="http://syriaca.org/documentation/editors.xml#wsalesky" n="1.0" when="2016-05-09-04:00">CREATED: place record</change>
      </revisionDesc>
   </teiHeader>
   <text>
      <body>
         <listPlace>
            <place xml:id="place-385" source="bib385-1">
               <placeName xml:id="name385-1" full="yes" type="standardized">Hatuncolla</placeName>
               <placeName xml:id="name385-3" type="standardized-Andean">Hatuncolla</placeName>
               <placeName xml:id="name385-4" type="verbatim">vn pueblo que se llama del propio nombre</placeName>
               <location type="ancient">
                  <region type="audiencia">Lima</region>
                  <region type="ciudad">Cuzco</region>
                  <region type="corregimiento">Urcosuyo</region>
                  <settlement type="pueblo">Hatuncolla</settlement>
               </location>
               <location type="modern">
                  <country>Peru</country>
                  <region type="province">Puno</region>
                  <region type="department">Puno</region>
                  <settlement type="pueblo">Hatuncolla</settlement>
               </location>
               <location type="gps">
                  <geo>-15.68868208 -70.14392415</geo>
               </location>
               <location>
                  <geo>-15 41 19.25520 -070 08 38.12640</geo>
               </location>
               <note>according to the Spanish language Wikipedia entry for the archaeological site Sillustani, which gives Coordinates, the small locality Sillustani is in is called Hatuncolla, while the page for Hatuncolla does not have Coordinates... I have used the Sillu</note>
               <bibl xml:id="bib385-1">
                  <title>Levillier 1921-26 v9</title>
                  <citedRange unit="pp">152</citedRange>
               </bibl>
               <bibl xml:id="bib385-2">
                  <title>Levillier 1921-26 v9</title>
                  <citedRange unit="pp">152</citedRange>
               </bibl>
               <bibl xml:id="bib385-3">
                  <title>AGI Lima 464</title>
               </bibl>
               <idno type="URI">http://logarandes.org/place/385</idno>
               <note type="administrative" subtype="Moved">1</note>
               <note type="administrative" subtype="Move_ref">Google sat</note>
               <note type="administrative" subtype="Moved_by">Wernke</note>
               <note type="administrative" subtype="Move_date">11/23/2015</note>
               <note type="administrative" subtype="Delete_2">0</note>
            </place>
         </listPlace>
      </body>
   </text>
</TEI>