<TEI xmlns="http://www.tei-c.org/ns/1.0" xmlns:tei="http://www.tei-c.org/ns/1.0" xmlns:xd="http://www.oxygenxml.com/ns/doc/xsl" xml:lang="en">
   <teiHeader>
      <fileDesc>
         <titleStmt>
            <title level="a" xml:lang="es">Hilabaya</title>
            <title level="m">LOGAR Linked Open Gazetteer of the Andean Region</title>
            <sponsor>LOGAR Linked Open Gazetteer of the Andean Region</sponsor>
            <funder>The National Endowment for the Humanities</funder>
            <principal>Steven A. Wernke</principal>
            <principal>Akira Saito</principal>
            <editor role="creator">Steven A. Wernke</editor>
            <editor role="creator">Jeremy Mumford</editor>
            <respStmt>
               <resp>Editing, proofreading, data entry and revision by</resp>
               <name type="person" ref="http://syriaca.org/documentation/editors.xml#swernke">Steven A. Wernke</name>
            </respStmt>
            <respStmt>
               <resp>Editing, proofreading, data entry and revision by</resp>
               <name type="person" ref="http://syriaca.org/documentation/editors.xml#jmumford">Jeremy Mumford</name>
            </respStmt>
         </titleStmt>
         <editionStmt>
            <edition n="1.0"/>
         </editionStmt>
         <publicationStmt>
            <authority>LOGAR Linked Open Gazetteer of the Andean Region</authority>
            <idno type="URI">http://logarandes.org/place/393/tei</idno>
            <availability>
               <licence target="http://creativecommons.org/licenses/by/3.0/">
                  <p>Distributed under a Creative Commons Attribution 3.0 Unported License.</p>
               </licence>
            </availability>
            <date>2016-05-09-04:00</date>
         </publicationStmt>
         <sourceDesc>
            <p>Born digital.</p>
         </sourceDesc>
      </fileDesc>
      <encodingDesc>
         <editorialDecl>
            <p>This record created following the LOGAR guidelines. 
                        Documentation available at: <ref target="http://logarandes.org/documentation">http://logarandes.org/documentation</ref>.</p>
         </editorialDecl>
      </encodingDesc>
      <revisionDesc>
         <change who="http://syriaca.org/documentation/editors.xml#wsalesky" n="1.0" when="2016-05-09-04:00">CREATED: place record</change>
      </revisionDesc>
   </teiHeader>
   <text>
      <body>
         <listPlace>
            <place xml:id="place-393" source="bib393-1">
               <placeName xml:id="name393-1" full="yes" type="standardized">Hilabaya</placeName>
               <placeName xml:id="name393-3" type="standardized-Andean">Hilabaya</placeName>
               <placeName xml:id="name393-4" type="verbatim">hilauaya</placeName>
               <location type="ancient">
                  <region type="audiencia">La Plata</region>
                  <region type="ciudad">La Paz</region>
                  <region type="corregimiento">Larecaja</region>
                  <region type="repartimiento">
                     <placeName type="standardized" full="yes">Various</placeName>
                     <placeName type="verbatim">yndios tributarios de diferentes repartimientos que acuden con sus tributos a sus cabeceras</placeName>
                  </region>
                  <settlement type="pueblo">Hilabaya</settlement>
                  <note type="repartimiento">En este valle de larecaxa ay otros tres pueblos de se llaman trauaya y hilauaya y conbaya en todos ay 1200 yndios tributarios de diferentes repartimientos que acuden con sus tributos a sus cabeceras.</note>
               </location>
               <note>Coordinates from: http://www.gomapper.com/travel/where-is/ilabaya-la-paz-bolivia-0-located.html: "Hilabaya o Ilavaya es un pueblo próximo a Sorata". http://www.familysearch.org/learn/wiki/en/La_Paz:Larecaja: "Villa Guachalla Canton (previously Ilabaya)".</note>
               <bibl xml:id="bib393-1">
                  <title>Levillier 1921-26 v9</title>
                  <citedRange unit="pp">144</citedRange>
               </bibl>
               <bibl xml:id="bib393-2">
                  <title>Levillier 1921-26 v9</title>
                  <citedRange unit="pp">144</citedRange>
               </bibl>
               <bibl xml:id="bib393-3">
                  <title>AGI Lima 464</title>
               </bibl>
               <idno type="URI">http://logarandes.org/place/393</idno>
               <note type="administrative" subtype="Moved">1</note>
               <note type="administrative" subtype="Move_ref">Other</note>
               <note type="administrative" subtype="MR_other_notes">http://mapasamerica.dices.net/bolivia/mapa.php?nombre=Ilabaya&amp;id=33872</note>
               <note type="administrative" subtype="Moved_by">Mumford</note>
               <note type="administrative" subtype="Move_date">12/11/2015</note>
               <note type="administrative" subtype="Delete_2">0</note>
            </place>
         </listPlace>
      </body>
   </text>
</TEI>