<TEI xmlns="http://www.tei-c.org/ns/1.0" xmlns:tei="http://www.tei-c.org/ns/1.0" xmlns:xd="http://www.oxygenxml.com/ns/doc/xsl" xml:lang="en">
   <teiHeader>
      <fileDesc>
         <titleStmt>
            <title level="a" xml:lang="es">San Martin de Uchabamba</title>
            <title level="m">LOGAR Linked Open Gazetteer of the Andean Region</title>
            <sponsor>LOGAR Linked Open Gazetteer of the Andean Region</sponsor>
            <funder>The National Endowment for the Humanities</funder>
            <principal>Steven A. Wernke</principal>
            <principal>Akira Saito</principal>
            <editor role="creator">Steven A. Wernke</editor>
            <editor role="creator">Jeremy Mumford</editor>
            <respStmt>
               <resp>Editing, proofreading, data entry and revision by</resp>
               <name type="person" ref="http://syriaca.org/documentation/editors.xml#swernke">Steven A. Wernke</name>
            </respStmt>
            <respStmt>
               <resp>Editing, proofreading, data entry and revision by</resp>
               <name type="person" ref="http://syriaca.org/documentation/editors.xml#jmumford">Jeremy Mumford</name>
            </respStmt>
         </titleStmt>
         <editionStmt>
            <edition n="1.0"/>
         </editionStmt>
         <publicationStmt>
            <authority>LOGAR Linked Open Gazetteer of the Andean Region</authority>
            <idno type="URI">http://logarandes.org/place/395/tei</idno>
            <availability>
               <licence target="http://creativecommons.org/licenses/by/3.0/">
                  <p>Distributed under a Creative Commons Attribution 3.0 Unported License.</p>
               </licence>
            </availability>
            <date>2016-05-09-04:00</date>
         </publicationStmt>
         <sourceDesc>
            <p>Born digital.</p>
         </sourceDesc>
      </fileDesc>
      <encodingDesc>
         <editorialDecl>
            <p>This record created following the LOGAR guidelines. 
                        Documentation available at: <ref target="http://logarandes.org/documentation">http://logarandes.org/documentation</ref>.</p>
         </editorialDecl>
      </encodingDesc>
      <revisionDesc>
         <change who="http://syriaca.org/documentation/editors.xml#wsalesky" n="1.0" when="2016-05-09-04:00">CREATED: place record</change>
      </revisionDesc>
   </teiHeader>
   <text>
      <body>
         <listPlace>
            <place xml:id="place-395" source="bib395-1">
               <placeName xml:id="name395-1" full="yes" type="standardized">San Martin de Uchabamba</placeName>
               <placeName xml:id="name395-2" type="standardized-Spanish">San Martin de</placeName>
               <placeName xml:id="name395-3" type="standardized-Andean">Uchubamba</placeName>
               <placeName xml:id="name395-4" type="verbatim">san martin de Vchabamba</placeName>
               <location type="ancient">
                  <region type="audiencia">Lima</region>
                  <region type="ciudad">Cuzco</region>
                  <region type="corregimiento">Andaguaylas</region>
                  <region type="repartimiento">
                     <placeName type="standardized" full="yes">Cayara</placeName>
                     <placeName type="verbatim">cayara</placeName>
                  </region>
                  <settlement type="pueblo">San Martin de Uchabamba</settlement>
               </location>
               <note>this is weird, I can't find anything for this location outside of GE, and when I zoom in on where GE claims Uchubamba is there's no sign of a town/populated location...</note>
               <bibl xml:id="bib395-1">
                  <title>Levillier 1921-26 v9</title>
                  <citedRange unit="pp">169</citedRange>
               </bibl>
               <bibl xml:id="bib395-2">
                  <title>Levillier 1921-26 v9</title>
                  <citedRange unit="pp">169</citedRange>
               </bibl>
               <bibl xml:id="bib395-3">
                  <title>AGI Lima 464</title>
               </bibl>
               <idno type="URI">http://logarandes.org/place/395</idno>
               <note type="administrative" subtype="Moved">1</note>
               <note type="administrative" subtype="Move_ref">Other</note>
               <note type="administrative" subtype="Moved_by">Wernke</note>
               <note type="administrative" subtype="Move_date">1/14/2016</note>
            </place>
         </listPlace>
      </body>
   </text>
</TEI>