<TEI xmlns="http://www.tei-c.org/ns/1.0" xmlns:tei="http://www.tei-c.org/ns/1.0" xmlns:xd="http://www.oxygenxml.com/ns/doc/xsl" xml:lang="en">
   <teiHeader>
      <fileDesc>
         <titleStmt>
            <title level="a" xml:lang="es">San Bartolome de Chulumani</title>
            <title level="m">LOGAR Linked Open Gazetteer of the Andean Region</title>
            <sponsor>LOGAR Linked Open Gazetteer of the Andean Region</sponsor>
            <funder>The National Endowment for the Humanities</funder>
            <principal>Steven A. Wernke</principal>
            <principal>Akira Saito</principal>
            <editor role="creator">Steven A. Wernke</editor>
            <editor role="creator">Jeremy Mumford</editor>
            <respStmt>
               <resp>Editing, proofreading, data entry and revision by</resp>
               <name type="person" ref="http://syriaca.org/documentation/editors.xml#swernke">Steven A. Wernke</name>
            </respStmt>
            <respStmt>
               <resp>Editing, proofreading, data entry and revision by</resp>
               <name type="person" ref="http://syriaca.org/documentation/editors.xml#jmumford">Jeremy Mumford</name>
            </respStmt>
         </titleStmt>
         <editionStmt>
            <edition n="1.0"/>
         </editionStmt>
         <publicationStmt>
            <authority>LOGAR Linked Open Gazetteer of the Andean Region</authority>
            <idno type="URI">http://logarandes.org/place/409/tei</idno>
            <availability>
               <licence target="http://creativecommons.org/licenses/by/3.0/">
                  <p>Distributed under a Creative Commons Attribution 3.0 Unported License.</p>
               </licence>
            </availability>
            <date>2016-05-09-04:00</date>
         </publicationStmt>
         <sourceDesc>
            <p>Born digital.</p>
         </sourceDesc>
      </fileDesc>
      <encodingDesc>
         <editorialDecl>
            <p>This record created following the LOGAR guidelines. 
                        Documentation available at: <ref target="http://logarandes.org/documentation">http://logarandes.org/documentation</ref>.</p>
         </editorialDecl>
      </encodingDesc>
      <revisionDesc>
         <change who="http://syriaca.org/documentation/editors.xml#wsalesky" n="1.0" when="2016-05-09-04:00">CREATED: place record</change>
      </revisionDesc>
   </teiHeader>
   <text>
      <body>
         <listPlace>
            <place xml:id="place-409" source="bib409-1">
               <placeName xml:id="name409-1" full="yes" type="standardized">San Bartolome de Chulumani</placeName>
               <placeName xml:id="name409-2" type="standardized-Spanish">San Bartolome de</placeName>
               <placeName xml:id="name409-3" type="standardized-Andean">Chulumani</placeName>
               <placeName xml:id="name409-4" type="verbatim">san bartolome de chulumani</placeName>
               <location type="ancient">
                  <region type="audiencia">La Plata</region>
                  <region type="ciudad">La Paz</region>
                  <region type="corregimiento">Sicasica / Caracollo</region>
                  <region type="repartimiento">
                     <placeName type="standardized" full="yes">Various</placeName>
                     <placeName type="verbatim">yndios de diuersos encomenderos</placeName>
                  </region>
                  <settlement type="pueblo">San Bartolome de Chulumani</settlement>
                  <note type="repartimiento">"El pueblo de Santa Barbara de yanacache y Santa Barbara de yanacache y sant pedro de lasa y san bartolome de chulumani en los quales ay rreduzidos 200 y tantos yndios de diuersos encomenderos - de la ciudad de la Paz"</note>
               </location>
               <location type="modern">
                  <country>Bolivia</country>
                  <region type="province">Sud Yungas</region>
                  <region type="department">La Paz</region>
                  <settlement type="pueblo">Chulumani</settlement>
               </location>
               <location type="gps">
                  <geo>-16.40995011 -67.52551589</geo>
               </location>
               <location>
                  <geo>-16 24 35.82000 -067 31 31.85760</geo>
               </location>
               <bibl xml:id="bib409-1">
                  <title>Levillier 1921-26 v9</title>
                  <citedRange unit="pp">144</citedRange>
               </bibl>
               <bibl xml:id="bib409-2">
                  <title>Levillier 1921-26 v9</title>
                  <citedRange unit="pp">144</citedRange>
               </bibl>
               <bibl xml:id="bib409-3">
                  <title>AGI Lima 464</title>
               </bibl>
               <idno type="URI">http://logarandes.org/place/409</idno>
               <note type="administrative" subtype="Moved">1</note>
               <note type="administrative" subtype="Move_ref">Google sat</note>
               <note type="administrative" subtype="Moved_by">Mumford</note>
               <note type="administrative" subtype="Move_date">12/11/2015</note>
               <note type="administrative" subtype="Delete_2">0</note>
            </place>
         </listPlace>
      </body>
   </text>
</TEI>