<TEI xmlns="http://www.tei-c.org/ns/1.0" xmlns:tei="http://www.tei-c.org/ns/1.0" xmlns:xd="http://www.oxygenxml.com/ns/doc/xsl" xml:lang="en">
   <teiHeader>
      <fileDesc>
         <titleStmt>
            <title level="a" xml:lang="es">San Bernardo</title>
            <title level="m">LOGAR Linked Open Gazetteer of the Andean Region</title>
            <sponsor>LOGAR Linked Open Gazetteer of the Andean Region</sponsor>
            <funder>The National Endowment for the Humanities</funder>
            <principal>Steven A. Wernke</principal>
            <principal>Akira Saito</principal>
            <editor role="creator">Steven A. Wernke</editor>
            <editor role="creator">Jeremy Mumford</editor>
                <editor role="creator">Tomoko Koyama</editor>
            <respStmt>
               <resp>Editing, proofreading, data entry and revision by</resp>
               <name type="person" ref="http://syriaca.org/documentation/editors.xml#swernke">Steven A. Wernke</name>
            </respStmt>
            <respStmt>
               <resp>Editing, proofreading, data entry and revision by</resp>
               <name type="person" ref="http://syriaca.org/documentation/editors.xml#jmumford">Jeremy Mumford</name>
            </respStmt>
                <respStmt>
                    <resp>Editing for locational accuracy by </resp>
                    <name type="person">Tomoko Koyama</name>
                </respStmt>
         </titleStmt>
         <editionStmt>
            <edition n="1.0"/>
         </editionStmt>
         <publicationStmt>
            <authority>LOGAR Linked Open Gazetteer of the Andean Region</authority>
            <idno type="URI">http://logarandes.org/place/419/tei</idno>
            <availability>
               <licence target="http://creativecommons.org/licenses/by/3.0/">
                  <p>Distributed under a Creative Commons Attribution 3.0 Unported License.</p>
               </licence>
            </availability>
            <date>2016-05-09-04:00</date>
         </publicationStmt>
         <sourceDesc>
            <p>Born digital.</p>
         </sourceDesc>
      </fileDesc>
      <encodingDesc>
         <editorialDecl>
            <p>This record created following the LOGAR guidelines. 
                        Documentation available at: <ref target="http://logarandes.org/documentation">http://logarandes.org/documentation</ref>.</p>
         </editorialDecl>
      </encodingDesc>
      <revisionDesc>
         <change who="http://syriaca.org/documentation/editors.xml#admin" n="1.0" when="2016-05-09-04:00">Location corrections provided by Akira Saito of the National Museum of Ethnology, Japan and his team. </change>
            <change who="http://syriaca.org/documentation/editors.xml#wsalesky" n="1.0" when="2016-05-09-04:00">CREATED: place record</change>
      </revisionDesc>
   </teiHeader>
   <text>
      <body>
         <listPlace>
            <place xml:id="place-419" source="bib419-1">
               <placeName xml:id="name419-1" full="yes" type="standardized">San Bernardo</placeName>
               <placeName xml:id="name419-2" type="standardized-Spanish">San Bernardo</placeName>
               <placeName xml:id="name419-4" type="verbatim">san bernardo</placeName>
               <location type="ancient">
                  <region type="audiencia">Lima</region>
                  <region type="ciudad">Arequipa</region>
                  <region type="corregimiento">Carumas y Ubinas de Colesuyo</region>
                  <region type="repartimiento">
                     <placeName type="standardized" full="yes">Puquina</placeName>
                     <placeName type="verbatim">Puquina</placeName>
                  </region>
                  <settlement type="pueblo">San Bernardo</settlement>
               </location>
               <location type="gps" source="#bib419-3">
                        <geo>-16.67399 -70.97010</geo>
                    </location>
               <location>
                  <geo>-16 36 33.10560 -071 12 54.52560</geo>
               </location>
               <bibl xml:id="bib419-1">
                  <title>Levillier 1921-26 v9</title>
                  <citedRange unit="pp">175</citedRange>
               </bibl>
               <bibl xml:id="bib419-2">
                  <title>Levillier 1921-26 v9</title>
                  <citedRange unit="pp">175</citedRange>
               </bibl>
               <bibl xml:id="bib419-3">
                  <title>AGI Lima 464</title>
               <citedRange unit="part">28r</citedRange>
                    </bibl>
               <idno type="URI">http://logarandes.org/place/419</idno>
               <note type="administrative" subtype="Moved">1</note>
               <note type="administrative" subtype="Move_ref">Google sat</note>
               <note type="administrative" subtype="Moved_by">Wernke</note>
               <note type="administrative" subtype="Move_date">1/7/2016</note>
            </place>
         </listPlace>
      </body>
   </text>
</TEI>