<TEI xmlns="http://www.tei-c.org/ns/1.0" xmlns:tei="http://www.tei-c.org/ns/1.0" xmlns:xd="http://www.oxygenxml.com/ns/doc/xsl" xml:lang="en">
   <teiHeader>
      <fileDesc>
         <titleStmt>
            <title level="a" xml:lang="es">Puerto de Quilca</title>
            <title level="m">LOGAR Linked Open Gazetteer of the Andean Region</title>
            <sponsor>LOGAR Linked Open Gazetteer of the Andean Region</sponsor>
            <funder>The National Endowment for the Humanities</funder>
            <principal>Steven A. Wernke</principal>
            <principal>Akira Saito</principal>
            <editor role="creator">Steven A. Wernke</editor>
            <editor role="creator">Jeremy Mumford</editor>
            <respStmt>
               <resp>Editing, proofreading, data entry and revision by</resp>
               <name type="person" ref="http://syriaca.org/documentation/editors.xml#swernke">Steven A. Wernke</name>
            </respStmt>
            <respStmt>
               <resp>Editing, proofreading, data entry and revision by</resp>
               <name type="person" ref="http://syriaca.org/documentation/editors.xml#jmumford">Jeremy Mumford</name>
            </respStmt>
         </titleStmt>
         <editionStmt>
            <edition n="1.0"/>
         </editionStmt>
         <publicationStmt>
            <authority>LOGAR Linked Open Gazetteer of the Andean Region</authority>
            <idno type="URI">http://logarandes.org/place/423/tei</idno>
            <availability>
               <licence target="http://creativecommons.org/licenses/by/3.0/">
                  <p>Distributed under a Creative Commons Attribution 3.0 Unported License.</p>
               </licence>
            </availability>
            <date>2016-05-09-04:00</date>
         </publicationStmt>
         <sourceDesc>
            <p>Born digital.</p>
         </sourceDesc>
      </fileDesc>
      <encodingDesc>
         <editorialDecl>
            <p>This record created following the LOGAR guidelines. 
                        Documentation available at: <ref target="http://logarandes.org/documentation">http://logarandes.org/documentation</ref>.</p>
         </editorialDecl>
      </encodingDesc>
      <revisionDesc>
         <change who="http://syriaca.org/documentation/editors.xml#wsalesky" n="1.0" when="2016-05-09-04:00">CREATED: place record</change>
      </revisionDesc>
   </teiHeader>
   <text>
      <body>
         <listPlace>
            <place xml:id="place-423" source="bib423-1">
               <placeName xml:id="name423-1" full="yes" type="standardized">Puerto de Quilca</placeName>
               <placeName xml:id="name423-2" type="standardized-Spanish">Puerto de</placeName>
               <placeName xml:id="name423-3" type="standardized-Andean">Quilca</placeName>
               <placeName xml:id="name423-4" type="verbatim">puerto de quilca en el qual esta vn pueblo</placeName>
               <location type="ancient">
                  <region type="audiencia">Lima</region>
                  <region type="ciudad">Arequipa</region>
                  <region type="corregimiento">Camana</region>
                  <region type="repartimiento">
                     <placeName type="standardized" full="yes">Encomienda de Luis Cornejo</placeName>
                     <placeName type="verbatim">encomienda de luis cornejo</placeName>
                  </region>
                  <settlement type="pueblo">Puerto de Quilca</settlement>
               </location>
               <location type="modern">
                  <country>Peru</country>
                  <region type="province">Camana</region>
                  <region type="department">Arequipa</region>
                  <settlement type="pueblo">Quilca District</settlement>
               </location>
               <location type="gps">
                  <geo>-16.71679046 -72.42548524</geo>
               </location>
               <location>
                  <geo>-16 43 00.44400 -072 25 31.74600</geo>
               </location>
               <bibl xml:id="bib423-1">
                  <title>Levillier 1921-26 v9</title>
                  <citedRange unit="pp">177</citedRange>
               </bibl>
               <bibl xml:id="bib423-2">
                  <title>Levillier 1921-26 v9</title>
                  <citedRange unit="pp">177</citedRange>
               </bibl>
               <bibl xml:id="bib423-3">
                  <title>AGI Lima 464</title>
               </bibl>
               <idno type="URI">http://logarandes.org/place/423</idno>
               <note type="administrative" subtype="Moved">1</note>
               <note type="administrative" subtype="Move_ref">Google sat</note>
               <note type="administrative" subtype="Moved_by">Wernke</note>
               <note type="administrative" subtype="Move_date">11/23/2015</note>
               <note type="administrative" subtype="Delete_2">0</note>
            </place>
         </listPlace>
      </body>
   </text>
</TEI>