<TEI xmlns="http://www.tei-c.org/ns/1.0" xmlns:tei="http://www.tei-c.org/ns/1.0" xmlns:xd="http://www.oxygenxml.com/ns/doc/xsl" xml:lang="en">
   <teiHeader>
      <fileDesc>
         <titleStmt>
            <title level="a" xml:lang="es">[Jesús de] Machaca la Chica</title>
            <title level="m">LOGAR Linked Open Gazetteer of the Andean Region</title>
            <sponsor>LOGAR Linked Open Gazetteer of the Andean Region</sponsor>
            <funder>The National Endowment for the Humanities</funder>
            <principal>Steven A. Wernke</principal>
            <principal>Akira Saito</principal>
            <editor role="creator">Steven A. Wernke</editor>
            <editor role="creator">Jeremy Mumford</editor>
            <respStmt>
               <resp>Editing, proofreading, data entry and revision by</resp>
               <name type="person" ref="http://syriaca.org/documentation/editors.xml#swernke">Steven A. Wernke</name>
            </respStmt>
            <respStmt>
               <resp>Editing, proofreading, data entry and revision by</resp>
               <name type="person" ref="http://syriaca.org/documentation/editors.xml#jmumford">Jeremy Mumford</name>
            </respStmt>
         </titleStmt>
         <editionStmt>
            <edition n="1.0"/>
         </editionStmt>
         <publicationStmt>
            <authority>LOGAR Linked Open Gazetteer of the Andean Region</authority>
            <idno type="URI">http://logarandes.org/place/424/tei</idno>
            <availability>
               <licence target="http://creativecommons.org/licenses/by/3.0/">
                  <p>Distributed under a Creative Commons Attribution 3.0 Unported License.</p>
               </licence>
            </availability>
            <date>2016-05-09-04:00</date>
         </publicationStmt>
         <sourceDesc>
            <p>Born digital.</p>
         </sourceDesc>
      </fileDesc>
      <encodingDesc>
         <editorialDecl>
            <p>This record created following the LOGAR guidelines. 
                        Documentation available at: <ref target="http://logarandes.org/documentation">http://logarandes.org/documentation</ref>.</p>
         </editorialDecl>
      </encodingDesc>
      <revisionDesc>
         <change who="http://syriaca.org/documentation/editors.xml#wsalesky" n="1.0" when="2016-05-09-04:00">CREATED: place record</change>
      </revisionDesc>
   </teiHeader>
   <text>
      <body>
         <listPlace>
            <place xml:id="place-424" source="bib424-1">
               <placeName xml:id="name424-1" full="yes" type="standardized">[Jesús de] Machaca la Chica</placeName>
               <placeName xml:id="name424-2" type="standardized-Spanish">[Jesús de]</placeName>
               <placeName xml:id="name424-3" type="standardized-Andean">Machaca la Chica</placeName>
               <placeName xml:id="name424-4" type="verbatim">vn pueblo</placeName>
               <location type="ancient">
                  <region type="audiencia">La Plata</region>
                  <region type="ciudad">La Paz</region>
                  <region type="corregimiento">Pacajes</region>
                  <region type="repartimiento">
                     <placeName type="standardized" full="yes">Machaca la Chica</placeName>
                     <placeName type="verbatim">machaca la chica</placeName>
                  </region>
                  <settlement type="pueblo">[Jesús de] Machaca la Chica</settlement>
               </location>
               <location type="modern">
                  <country>Bolivia</country>
                  <region type="province">Ingavi</region>
                  <region type="department">La Paz</region>
                  <settlement type="pueblo">Jesús de Machaca Municipality</settlement>
               </location>
               <population>
                  <desc>3330</desc>
               </population>
               <population source="bib424-1" type="tributaries">
                  <desc>802</desc>
               </population>
               <location type="gps">
                  <geo>-16.74387616 -68.80650825</geo>
               </location>
               <location>
                  <geo>-16 44 37.95360 -068 48 23.42880</geo>
               </location>
               <note>Found this website: http://machaca.cebem.org/pages/historia_colonial.php on the history of Machaca - looks like Machaca la Chica turned into Jesus de Machaca</note>
               <bibl xml:id="bib424-1">
                  <title>Levillier 1921-26 v9</title>
                  <citedRange unit="pp">145</citedRange>
               </bibl>
               <bibl xml:id="bib424-2">
                  <title>Levillier 1921-26 v9</title>
                  <citedRange unit="pp">145</citedRange>
               </bibl>
               <bibl xml:id="bib424-3">
                  <title>AGI Lima 464</title>
               </bibl>
               <idno type="URI">http://logarandes.org/place/424</idno>
               <note type="administrative" subtype="Moved">1</note>
               <note type="administrative" subtype="Move_ref">Google sat</note>
               <note type="administrative" subtype="Moved_by">Mumford</note>
               <note type="administrative" subtype="Move_date">12/1/2015</note>
               <note type="administrative" subtype="Delete_2">0</note>
            </place>
         </listPlace>
      </body>
   </text>
</TEI>