<TEI xmlns="http://www.tei-c.org/ns/1.0" xmlns:tei="http://www.tei-c.org/ns/1.0" xmlns:xd="http://www.oxygenxml.com/ns/doc/xsl" xml:lang="en">
   <teiHeader>
      <fileDesc>
         <titleStmt>
            <title level="a" xml:lang="es">Collana y Cocone</title>
            <title level="m">LOGAR Linked Open Gazetteer of the Andean Region</title>
            <sponsor>LOGAR Linked Open Gazetteer of the Andean Region</sponsor>
            <funder>The National Endowment for the Humanities</funder>
            <principal>Steven A. Wernke</principal>
            <principal>Akira Saito</principal>
            <editor role="creator">Steven A. Wernke</editor>
            <editor role="creator">Jeremy Mumford</editor>
            <respStmt>
               <resp>Editing, proofreading, data entry and revision by</resp>
               <name type="person" ref="http://syriaca.org/documentation/editors.xml#swernke">Steven A. Wernke</name>
            </respStmt>
            <respStmt>
               <resp>Editing, proofreading, data entry and revision by</resp>
               <name type="person" ref="http://syriaca.org/documentation/editors.xml#jmumford">Jeremy Mumford</name>
            </respStmt>
         </titleStmt>
         <editionStmt>
            <edition n="1.0"/>
         </editionStmt>
         <publicationStmt>
            <authority>LOGAR Linked Open Gazetteer of the Andean Region</authority>
            <idno type="URI">http://logarandes.org/place/426/tei</idno>
            <availability>
               <licence target="http://creativecommons.org/licenses/by/3.0/">
                  <p>Distributed under a Creative Commons Attribution 3.0 Unported License.</p>
               </licence>
            </availability>
            <date>2016-05-09-04:00</date>
         </publicationStmt>
         <sourceDesc>
            <p>Born digital.</p>
         </sourceDesc>
      </fileDesc>
      <encodingDesc>
         <editorialDecl>
            <p>This record created following the LOGAR guidelines. 
                        Documentation available at: <ref target="http://logarandes.org/documentation">http://logarandes.org/documentation</ref>.</p>
         </editorialDecl>
      </encodingDesc>
      <revisionDesc>
         <change who="http://syriaca.org/documentation/editors.xml#wsalesky" n="1.0" when="2016-05-09-04:00">CREATED: place record</change>
      </revisionDesc>
   </teiHeader>
   <text>
      <body>
         <listPlace>
            <place xml:id="place-426" source="bib426-1">
               <placeName xml:id="name426-1" full="yes" type="standardized">Collana y Cocone</placeName>
               <placeName xml:id="name426-3" type="standardized-Andean">Collana y Cocone</placeName>
               <placeName xml:id="name426-4" type="verbatim">collana y cocone</placeName>
               <location type="ancient">
                  <region type="audiencia">La Plata</region>
                  <region type="ciudad">La Paz</region>
                  <region type="corregimiento">Sicasica / Caracollo</region>
                  <region type="repartimiento">
                     <placeName type="standardized" full="yes">Various mitimaes</placeName>
                     <placeName type="verbatim">yndios mitimaes de diuersos repartimientos</placeName>
                  </region>
                  <settlement type="pueblo">Collana y Cocone</settlement>
                  <note type="repartimiento">"Tiene asimismo el pueblo de san joan de cauari de otros yndios mitimaes y el pueblo de capinata y el pueblo de ynquisiue y el pueblo de collana y cocone todos los yndios mitimaes de diuersos repartimientos e todos son poblezuelos pequeños."</note>
               </location>
               <location type="modern">
                  <country>Bolivia</country>
                  <region type="province">Murillo</region>
                  <region type="department">La Paz</region>
                  <settlement type="pueblo">Collana Municipality</settlement>
                  <note type="modern-location">Province designation tentative</note>
               </location>
               <note>Coordinates from: http://en.wikipedia.org/wiki/Collana_Municipality - it's pretty close to Inquisivi but I don't know where the line is between close enough and too far away, so it's hard to say...</note>
               <bibl xml:id="bib426-1">
                  <title>Levillier 1921-26 v9</title>
                  <citedRange unit="pp">144</citedRange>
               </bibl>
               <bibl xml:id="bib426-2">
                  <title>Levillier 1921-26 v9</title>
                  <citedRange unit="pp">144</citedRange>
               </bibl>
               <bibl xml:id="bib426-3">
                  <title>AGI Lima 464</title>
               </bibl>
               <idno type="URI">http://logarandes.org/place/426</idno>
               <note type="administrative" subtype="Moved">1</note>
               <note type="administrative" subtype="Moved_by">Mumford</note>
               <note type="administrative" subtype="Move_date">12/11/2015</note>
               <note type="administrative" subtype="Delete_2">1</note>
               <note type="administrative" subtype="Delete_notes">Tasa names "pueblo de collana y cocone" as sharing same mixed pop as Cavari and Inquisivi, but this Collana is not very close to those reducciones, and I think a number of places are named Collana.</note>
            </place>
         </listPlace>
      </body>
   </text>
</TEI>