<TEI xmlns="http://www.tei-c.org/ns/1.0" xmlns:tei="http://www.tei-c.org/ns/1.0" xmlns:xd="http://www.oxygenxml.com/ns/doc/xsl" xml:lang="en">
   <teiHeader>
      <fileDesc>
         <titleStmt>
            <title level="a" xml:lang="es">Santiago [de Calamarca]</title>
            <title level="m">LOGAR Linked Open Gazetteer of the Andean Region</title>
            <sponsor>LOGAR Linked Open Gazetteer of the Andean Region</sponsor>
            <funder>The National Endowment for the Humanities</funder>
            <principal>Steven A. Wernke</principal>
            <principal>Akira Saito</principal>
            <editor role="creator">Steven A. Wernke</editor>
            <editor role="creator">Jeremy Mumford</editor>
            <respStmt>
               <resp>Editing, proofreading, data entry and revision by</resp>
               <name type="person" ref="http://syriaca.org/documentation/editors.xml#swernke">Steven A. Wernke</name>
            </respStmt>
            <respStmt>
               <resp>Editing, proofreading, data entry and revision by</resp>
               <name type="person" ref="http://syriaca.org/documentation/editors.xml#jmumford">Jeremy Mumford</name>
            </respStmt>
         </titleStmt>
         <editionStmt>
            <edition n="1.0"/>
         </editionStmt>
         <publicationStmt>
            <authority>LOGAR Linked Open Gazetteer of the Andean Region</authority>
            <idno type="URI">http://logarandes.org/place/427/tei</idno>
            <availability>
               <licence target="http://creativecommons.org/licenses/by/3.0/">
                  <p>Distributed under a Creative Commons Attribution 3.0 Unported License.</p>
               </licence>
            </availability>
            <date>2016-05-09-04:00</date>
         </publicationStmt>
         <sourceDesc>
            <p>Born digital.</p>
         </sourceDesc>
      </fileDesc>
      <encodingDesc>
         <editorialDecl>
            <p>This record created following the LOGAR guidelines. 
                        Documentation available at: <ref target="http://logarandes.org/documentation">http://logarandes.org/documentation</ref>.</p>
         </editorialDecl>
      </encodingDesc>
      <revisionDesc>
         <change who="http://syriaca.org/documentation/editors.xml#wsalesky" n="1.0" when="2016-05-09-04:00">CREATED: place record</change>
      </revisionDesc>
   </teiHeader>
   <text>
      <body>
         <listPlace>
            <place xml:id="place-427" source="bib427-1">
               <placeName xml:id="name427-1" full="yes" type="standardized">Santiago [de Calamarca]</placeName>
               <placeName xml:id="name427-2" type="standardized-Spanish">Santiago</placeName>
               <placeName xml:id="name427-3" type="standardized-Andean">[de Calamarca]</placeName>
               <placeName xml:id="name427-4" type="verbatim">santiago</placeName>
               <location type="ancient">
                  <region type="audiencia">La Plata</region>
                  <region type="ciudad">La Paz</region>
                  <region type="corregimiento">Sicasica / Caracollo</region>
                  <region type="repartimiento">
                     <placeName type="standardized" full="yes">Calamarca</placeName>
                     <placeName type="verbatim">calamarca</placeName>
                  </region>
                  <settlement type="pueblo">Santiago [de Calamarca]</settlement>
               </location>
               <population>
                  <desc>1838</desc>
               </population>
               <population source="bib427-1" type="tributaries">
                  <desc>394</desc>
               </population>
               <location type="gps">
                  <geo>-16.90589514 -68.11526328</geo>
               </location>
               <location>
                  <geo>-16 54 21.22200 -068 06 54.94680</geo>
               </location>
               <bibl xml:id="bib427-1">
                  <title>Levillier 1921-26 v9</title>
                  <citedRange unit="pp">143</citedRange>
               </bibl>
               <bibl xml:id="bib427-2">
                  <title>Levillier 1921-26 v9</title>
                  <citedRange unit="pp">143</citedRange>
               </bibl>
               <bibl xml:id="bib427-3">
                  <title>AGI Lima 464</title>
               </bibl>
               <idno type="URI">http://logarandes.org/place/427</idno>
               <note type="administrative" subtype="Moved">1</note>
               <note type="administrative" subtype="Move_ref">Google sat</note>
               <note type="administrative" subtype="Moved_by">Mumford</note>
               <note type="administrative" subtype="Move_date">12/1/2015</note>
               <note type="administrative" subtype="Delete_2">0</note>
            </place>
         </listPlace>
      </body>
   </text>
</TEI>