<TEI xmlns="http://www.tei-c.org/ns/1.0" xmlns:tei="http://www.tei-c.org/ns/1.0" xmlns:xd="http://www.oxygenxml.com/ns/doc/xsl" xml:lang="en">
   <teiHeader>
      <fileDesc>
         <titleStmt>
            <title level="a" xml:lang="es">La Chimba</title>
            <title level="m">LOGAR Linked Open Gazetteer of the Andean Region</title>
            <sponsor>LOGAR Linked Open Gazetteer of the Andean Region</sponsor>
            <funder>The National Endowment for the Humanities</funder>
            <principal>Steven A. Wernke</principal>
            <principal>Akira Saito</principal>
            <editor role="creator">Steven A. Wernke</editor>
            <editor role="creator">Jeremy Mumford</editor>
            <respStmt>
               <resp>Editing, proofreading, data entry and revision by</resp>
               <name type="person" ref="http://syriaca.org/documentation/editors.xml#swernke">Steven A. Wernke</name>
            </respStmt>
            <respStmt>
               <resp>Editing, proofreading, data entry and revision by</resp>
               <name type="person" ref="http://syriaca.org/documentation/editors.xml#jmumford">Jeremy Mumford</name>
            </respStmt>
         </titleStmt>
         <editionStmt>
            <edition n="1.0"/>
         </editionStmt>
         <publicationStmt>
            <authority>LOGAR Linked Open Gazetteer of the Andean Region</authority>
            <idno type="URI">http://logarandes.org/place/433/tei</idno>
            <availability>
               <licence target="http://creativecommons.org/licenses/by/3.0/">
                  <p>Distributed under a Creative Commons Attribution 3.0 Unported License.</p>
               </licence>
            </availability>
            <date>2016-05-09-04:00</date>
         </publicationStmt>
         <sourceDesc>
            <p>Born digital.</p>
         </sourceDesc>
      </fileDesc>
      <encodingDesc>
         <editorialDecl>
            <p>This record created following the LOGAR guidelines. 
                        Documentation available at: <ref target="http://logarandes.org/documentation">http://logarandes.org/documentation</ref>.</p>
         </editorialDecl>
      </encodingDesc>
      <revisionDesc>
         <change who="http://syriaca.org/documentation/editors.xml#wsalesky" n="1.0" when="2016-05-09-04:00">CREATED: place record</change>
      </revisionDesc>
   </teiHeader>
   <text>
      <body>
         <listPlace>
            <place xml:id="place-433" source="bib433-1">
               <placeName xml:id="name433-1" full="yes" type="standardized">La Chimba</placeName>
               <placeName xml:id="name433-2" type="standardized-Spanish">La Chimba</placeName>
               <placeName xml:id="name433-3" type="standardized-Andean">La Chimba</placeName>
               <placeName xml:id="name433-4" type="verbatim">la chimba</placeName>
               <location type="ancient">
                  <region type="audiencia">Lima</region>
                  <region type="ciudad">Arequipa</region>
                  <region type="corregimiento">Andaguaylas</region>
                  <region type="repartimiento">
                     <placeName type="standardized" full="yes">Various</placeName>
                     <placeName type="verbatim">encomendados en don joan dauila y luis cornejo y alonso Picado y francisco retamoso</placeName>
                  </region>
                  <settlement type="pueblo">La Chimba</settlement>
               </location>
               <location type="modern">
                  <country>Peru</country>
                  <region type="province">Arequipa</region>
                  <region type="department">Arequipa</region>
                  <settlement type="pueblo">Cayma District</settlement>
                  <note type="modern-location">Not a capital</note>
               </location>
               <note>CAYMA, IN OUTSKIRTS OF AREQUIPA CITY. http://es.wikipedia.org/wiki/Evoluci%C3%B3n_hist%C3%B3rica_urbana_de_Arequipa: "Cerca de Yanahuara, a una distancia cercanay en un terreno accidentado, se forma el caserio de Cayma...; el Virrey Toledo fundo allí la</note>
               <bibl xml:id="bib433-1">
                  <title>Levillier 1921-26 v9</title>
                  <citedRange unit="pp">170</citedRange>
               </bibl>
               <bibl xml:id="bib433-2">
                  <title>Levillier 1921-26 v9</title>
                  <citedRange unit="pp">170</citedRange>
               </bibl>
               <bibl xml:id="bib433-3">
                  <title>AGI Lima 464</title>
               </bibl>
               <idno type="URI">http://logarandes.org/place/433</idno>
               <note type="administrative" subtype="Moved">1</note>
               <note type="administrative" subtype="Move_ref">Digital Peru</note>
               <note type="administrative" subtype="MR_other_notes">Snapped to cpurine "Chimba" but there is no settlement there. This is probably the right general area but no reduccion in ruins is apparent.</note>
               <note type="administrative" subtype="Moved_by">Wernke</note>
               <note type="administrative" subtype="Move_date">1/8/2016</note>
            </place>
         </listPlace>
      </body>
   </text>
</TEI>