<TEI xmlns="http://www.tei-c.org/ns/1.0" xmlns:tei="http://www.tei-c.org/ns/1.0" xmlns:xd="http://www.oxygenxml.com/ns/doc/xsl" xml:lang="en">
   <teiHeader>
      <fileDesc>
         <titleStmt>
            <title level="a" xml:lang="es">Santiago del Paso</title>
            <title level="m">LOGAR Linked Open Gazetteer of the Andean Region</title>
            <sponsor>LOGAR Linked Open Gazetteer of the Andean Region</sponsor>
            <funder>The National Endowment for the Humanities</funder>
            <principal>Steven A. Wernke</principal>
            <principal>Akira Saito</principal>
            <editor role="creator">Steven A. Wernke</editor>
            <editor role="creator">Jeremy Mumford</editor>
            <respStmt>
               <resp>Editing, proofreading, data entry and revision by</resp>
               <name type="person" ref="http://syriaca.org/documentation/editors.xml#swernke">Steven A. Wernke</name>
            </respStmt>
            <respStmt>
               <resp>Editing, proofreading, data entry and revision by</resp>
               <name type="person" ref="http://syriaca.org/documentation/editors.xml#jmumford">Jeremy Mumford</name>
            </respStmt>
         </titleStmt>
         <editionStmt>
            <edition n="1.0"/>
         </editionStmt>
         <publicationStmt>
            <authority>LOGAR Linked Open Gazetteer of the Andean Region</authority>
            <idno type="URI">http://logarandes.org/place/436/tei</idno>
            <availability>
               <licence target="http://creativecommons.org/licenses/by/3.0/">
                  <p>Distributed under a Creative Commons Attribution 3.0 Unported License.</p>
               </licence>
            </availability>
            <date>2016-05-09-04:00</date>
         </publicationStmt>
         <sourceDesc>
            <p>Born digital.</p>
         </sourceDesc>
      </fileDesc>
      <encodingDesc>
         <editorialDecl>
            <p>This record created following the LOGAR guidelines. 
                        Documentation available at: <ref target="http://logarandes.org/documentation">http://logarandes.org/documentation</ref>.</p>
         </editorialDecl>
      </encodingDesc>
      <revisionDesc>
         <change who="http://syriaca.org/documentation/editors.xml#wsalesky" n="1.0" when="2016-05-09-04:00">CREATED: place record</change>
      </revisionDesc>
   </teiHeader>
   <text>
      <body>
         <listPlace>
            <place xml:id="place-436" source="bib436-1">
               <placeName xml:id="name436-1" full="yes" type="standardized">Santiago del Paso</placeName>
               <placeName xml:id="name436-2" type="standardized-Spanish">Santiago de</placeName>
               <placeName xml:id="name436-4" type="verbatim">santiago</placeName>
               <location type="ancient">
                  <region type="audiencia">La Plata</region>
                  <region type="ciudad">La Plata</region>
                  <region type="corregimiento">Cochabamba</region>
                  <region type="repartimiento">
                     <placeName type="standardized" full="yes">El Paso</placeName>
                     <placeName type="verbatim">santiago del paso</placeName>
                  </region>
                  <settlement type="pueblo">Santiago del Paso</settlement>
               </location>
               <location type="modern">
                  <country>Bolivia</country>
                  <region type="province">Quillacollo</region>
                  <region type="department">Cochabamba</region>
                  <settlement type="pueblo">El Paso</settlement>
               </location>
               <population>
                  <desc>3298</desc>
               </population>
               <population source="bib436-1" type="tributaries">
                  <desc>683</desc>
               </population>
               <location type="gps">
                  <geo>-17.33815439 -66.26559874</geo>
               </location>
               <location>
                  <geo>-17 20 17.35440 -066 15 56.15640</geo>
               </location>
               <bibl xml:id="bib436-1">
                  <title>Levillier 1921-26 v9</title>
                  <citedRange unit="pp">141</citedRange>
               </bibl>
               <bibl xml:id="bib436-2">
                  <title>Levillier 1921-26 v67</title>
                  <citedRange unit="pp">141</citedRange>
               </bibl>
               <bibl xml:id="bib436-3">
                  <title>AGI Lima 464</title>
               </bibl>
               <idno type="URI">http://logarandes.org/place/436</idno>
               <note type="administrative" subtype="Moved">1</note>
               <note type="administrative" subtype="Move_ref">Other</note>
               <note type="administrative" subtype="MR_other_notes">Google Earth identifies this church and adjoining plaza as El Paso.</note>
               <note type="administrative" subtype="Moved_by">Mumford</note>
               <note type="administrative" subtype="Move_date">12/1/2015</note>
               <note type="administrative" subtype="Delete_2">0</note>
            </place>
         </listPlace>
      </body>
   </text>
</TEI>