<TEI xmlns="http://www.tei-c.org/ns/1.0" xmlns:tei="http://www.tei-c.org/ns/1.0" xmlns:xd="http://www.oxygenxml.com/ns/doc/xsl" xml:lang="en">
   <teiHeader>
      <fileDesc>
         <titleStmt>
            <title level="a" xml:lang="es">Pocona</title>
            <title level="m">LOGAR Linked Open Gazetteer of the Andean Region</title>
            <sponsor>LOGAR Linked Open Gazetteer of the Andean Region</sponsor>
            <funder>The National Endowment for the Humanities</funder>
            <principal>Steven A. Wernke</principal>
            <principal>Akira Saito</principal>
            <editor role="creator">Steven A. Wernke</editor>
            <editor role="creator">Jeremy Mumford</editor>
                <editor role="creator">Tomoko Koyama</editor>
            <respStmt>
               <resp>Editing, proofreading, data entry and revision by</resp>
               <name type="person" ref="http://syriaca.org/documentation/editors.xml#swernke">Steven A. Wernke</name>
            </respStmt>
            <respStmt>
               <resp>Editing, proofreading, data entry and revision by</resp>
               <name type="person" ref="http://syriaca.org/documentation/editors.xml#jmumford">Jeremy Mumford</name>
            </respStmt>
                <respStmt>
                    <resp>Editing for locational accuracy by </resp>
                    <name type="person">Tomoko Koyama</name>
                </respStmt>
         </titleStmt>
         <editionStmt>
            <edition n="1.0"/>
         </editionStmt>
         <publicationStmt>
            <authority>LOGAR Linked Open Gazetteer of the Andean Region</authority>
            <idno type="URI">http://logarandes.org/place/443/tei</idno>
            <availability>
               <licence target="http://creativecommons.org/licenses/by/3.0/">
                  <p>Distributed under a Creative Commons Attribution 3.0 Unported License.</p>
               </licence>
            </availability>
            <date>2016-05-09-04:00</date>
         </publicationStmt>
         <sourceDesc>
            <p>Born digital.</p>
         </sourceDesc>
      </fileDesc>
      <encodingDesc>
         <editorialDecl>
            <p>This record created following the LOGAR guidelines. 
                        Documentation available at: <ref target="http://logarandes.org/documentation">http://logarandes.org/documentation</ref>.</p>
         </editorialDecl>
      </encodingDesc>
      <revisionDesc>
         <change who="http://syriaca.org/documentation/editors.xml#admin" n="1.0" when="2016-05-09-04:00">Location corrections provided by Akira Saito of the National Museum of Ethnology, Japan and his team. </change>
            <change who="http://syriaca.org/documentation/editors.xml#wsalesky" n="1.0" when="2016-05-09-04:00">CREATED: place record</change>
      </revisionDesc>
   </teiHeader>
   <text>
      <body>
         <listPlace>
            <place xml:id="place-443" source="bib443-1">
               <placeName xml:id="name443-1" full="yes" type="standardized">Pocona</placeName>
               <placeName xml:id="name443-3" type="standardized-Andean">Pocona</placeName>
               <placeName xml:id="name443-4" type="verbatim">pocona</placeName>
               <location type="ancient">
                  <region type="audiencia">La Plata</region>
                  <region type="ciudad">La Plata</region>
                  <region type="corregimiento">Mizque</region>
                  <region type="repartimiento">
                     <placeName type="standardized" full="yes">Pocona</placeName>
                     <placeName type="verbatim">Pocona</placeName>
                  </region>
                  <settlement type="pueblo">Pocona</settlement>
               </location>
               <location type="modern">
                  <country>Bolivia</country>
                  <region type="province">Carrasco</region>
                  <region type="department">Cochabamba</region>
                  <settlement type="pueblo">Pocona</settlement>
                  <note type="modern-location">Not a capital</note>
               </location>
               <location type="gps" source="#bib443-3">
                        <geo>-17.67487 -65.42013</geo>
                    </location>
               <location>
                  <geo>-17 39 19.33920 -065 21 39.22920</geo>
               </location>
               <bibl xml:id="bib443-1">
                  <title>Levillier 1921-26 v9</title>
                  <citedRange unit="pp">136</citedRange>
               </bibl>
               <bibl xml:id="bib443-2">
                  <title>Levillier 1921-26 v15</title>
                  <citedRange unit="pp">136</citedRange>
               </bibl>
               <bibl xml:id="bib443-3">
                  <title>AGI Lima 464</title>
               <citedRange unit="part">8v</citedRange>
                    </bibl>
               <idno type="URI">http://logarandes.org/place/443</idno>
               <note type="administrative" subtype="Moved">1</note>
               <note type="administrative" subtype="Move_ref">Google sat</note>
               <note type="administrative" subtype="Moved_by">Mumford</note>
               <note type="administrative" subtype="Move_date">12/12/2015</note>
               <note type="administrative" subtype="Delete_2">0</note>
            </place>
         </listPlace>
      </body>
   </text>
</TEI>