<TEI xmlns="http://www.tei-c.org/ns/1.0" xmlns:tei="http://www.tei-c.org/ns/1.0" xmlns:xd="http://www.oxygenxml.com/ns/doc/xsl" xml:lang="en">
   <teiHeader>
      <fileDesc>
         <titleStmt>
            <title level="a" xml:lang="es">Santiago de Mohosa [Hurmire? Caracollo?]</title>
            <title level="m">LOGAR Linked Open Gazetteer of the Andean Region</title>
            <sponsor>LOGAR Linked Open Gazetteer of the Andean Region</sponsor>
            <funder>The National Endowment for the Humanities</funder>
            <principal>Steven A. Wernke</principal>
            <principal>Akira Saito</principal>
            <editor role="creator">Steven A. Wernke</editor>
            <editor role="creator">Jeremy Mumford</editor>
            <respStmt>
               <resp>Editing, proofreading, data entry and revision by</resp>
               <name type="person" ref="http://syriaca.org/documentation/editors.xml#swernke">Steven A. Wernke</name>
            </respStmt>
            <respStmt>
               <resp>Editing, proofreading, data entry and revision by</resp>
               <name type="person" ref="http://syriaca.org/documentation/editors.xml#jmumford">Jeremy Mumford</name>
            </respStmt>
         </titleStmt>
         <editionStmt>
            <edition n="1.0"/>
         </editionStmt>
         <publicationStmt>
            <authority>LOGAR Linked Open Gazetteer of the Andean Region</authority>
            <idno type="URI">http://logarandes.org/place/444/tei</idno>
            <availability>
               <licence target="http://creativecommons.org/licenses/by/3.0/">
                  <p>Distributed under a Creative Commons Attribution 3.0 Unported License.</p>
               </licence>
            </availability>
            <date>2016-05-09-04:00</date>
         </publicationStmt>
         <sourceDesc>
            <p>Born digital.</p>
         </sourceDesc>
      </fileDesc>
      <encodingDesc>
         <editorialDecl>
            <p>This record created following the LOGAR guidelines. 
                        Documentation available at: <ref target="http://logarandes.org/documentation">http://logarandes.org/documentation</ref>.</p>
         </editorialDecl>
      </encodingDesc>
      <revisionDesc>
         <change who="http://syriaca.org/documentation/editors.xml#wsalesky" n="1.0" when="2016-05-09-04:00">CREATED: place record</change>
      </revisionDesc>
   </teiHeader>
   <text>
      <body>
         <listPlace>
            <place xml:id="place-444" source="bib444-1">
               <placeName xml:id="name444-1" full="yes" type="standardized">Santiago de Mohosa [Hurmire? Caracollo?]</placeName>
               <placeName xml:id="name444-2" type="standardized-Spanish">Santiago de</placeName>
               <placeName xml:id="name444-3" type="standardized-Andean">Mohosa  [Hurmire? Caracollo?]</placeName>
               <placeName xml:id="name444-4" type="verbatim">santiago de mohosa</placeName>
               <location type="ancient">
                  <region type="audiencia">La Plata</region>
                  <region type="ciudad">La Paz</region>
                  <region type="corregimiento">Sicasica / Caracollo</region>
                  <region type="repartimiento">
                     <placeName type="standardized" full="yes">Caracollo</placeName>
                     <placeName type="verbatim">Caracollo</placeName>
                  </region>
                  <settlement type="pueblo">Santiago de Mohosa [Hurmire? Caracollo?]</settlement>
               </location>
               <location type="modern">
                  <country>Bolivia</country>
                  <region type="province">Pacajes</region>
                  <region type="department">La Paz</region>
                  <settlement type="pueblo">Caracollo</settlement>
               </location>
               <population>
                  <desc>4378</desc>
               </population>
               <population source="bib444-1" type="tributaries">
                  <desc>853</desc>
               </population>
               <location type="gps">
                  <geo>-17.63647563 -67.21663977</geo>
               </location>
               <location>
                  <geo>-17 38 11.31360 -067 12 59.90400</geo>
               </location>
               <note>2015: Rio 2005:126: This reduccion was called Santiago de Hurmire. Mohosa, meanwhile, was name of a reduccion in Paria repartimiento, not named in G - but this may be a misprint]</note>
               <bibl xml:id="bib444-1">
                  <title>Levillier 1921-26 v9</title>
                  <citedRange unit="pp">143</citedRange>
               </bibl>
               <bibl xml:id="bib444-2">
                  <title>Levillier 1921-26 v9</title>
                  <citedRange unit="pp">143</citedRange>
               </bibl>
               <bibl xml:id="bib444-3">
                  <title>AGI Lima 464</title>
               </bibl>
               <idno type="URI">http://logarandes.org/place/444</idno>
               <note type="administrative" subtype="Moved">1</note>
               <note type="administrative" subtype="Move_ref">Google sat</note>
               <note type="administrative" subtype="Moved_by">Mumford</note>
               <note type="administrative" subtype="Move_date">12/12/2015</note>
               <note type="administrative" subtype="Delete_2">0</note>
            </place>
         </listPlace>
      </body>
   </text>
</TEI>