<TEI xmlns="http://www.tei-c.org/ns/1.0" xmlns:tei="http://www.tei-c.org/ns/1.0" xmlns:xd="http://www.oxygenxml.com/ns/doc/xsl" xml:lang="en">
   <teiHeader>
      <fileDesc>
         <titleStmt>
            <title level="a" xml:lang="es">San Anton de Yte</title>
            <title level="m">LOGAR Linked Open Gazetteer of the Andean Region</title>
            <sponsor>LOGAR Linked Open Gazetteer of the Andean Region</sponsor>
            <funder>The National Endowment for the Humanities</funder>
            <principal>Steven A. Wernke</principal>
            <principal>Akira Saito</principal>
            <editor role="creator">Steven A. Wernke</editor>
            <editor role="creator">Jeremy Mumford</editor>
            <respStmt>
               <resp>Editing, proofreading, data entry and revision by</resp>
               <name type="person" ref="http://syriaca.org/documentation/editors.xml#swernke">Steven A. Wernke</name>
            </respStmt>
            <respStmt>
               <resp>Editing, proofreading, data entry and revision by</resp>
               <name type="person" ref="http://syriaca.org/documentation/editors.xml#jmumford">Jeremy Mumford</name>
            </respStmt>
         </titleStmt>
         <editionStmt>
            <edition n="1.0"/>
         </editionStmt>
         <publicationStmt>
            <authority>LOGAR Linked Open Gazetteer of the Andean Region</authority>
            <idno type="URI">http://logarandes.org/place/447/tei</idno>
            <availability>
               <licence target="http://creativecommons.org/licenses/by/3.0/">
                  <p>Distributed under a Creative Commons Attribution 3.0 Unported License.</p>
               </licence>
            </availability>
            <date>2016-05-09-04:00</date>
         </publicationStmt>
         <sourceDesc>
            <p>Born digital.</p>
         </sourceDesc>
      </fileDesc>
      <encodingDesc>
         <editorialDecl>
            <p>This record created following the LOGAR guidelines. 
                        Documentation available at: <ref target="http://logarandes.org/documentation">http://logarandes.org/documentation</ref>.</p>
         </editorialDecl>
      </encodingDesc>
      <revisionDesc>
         <change who="http://syriaca.org/documentation/editors.xml#wsalesky" n="1.0" when="2016-05-09-04:00">CREATED: place record</change>
      </revisionDesc>
   </teiHeader>
   <text>
      <body>
         <listPlace>
            <place xml:id="place-447" source="bib447-1">
               <placeName xml:id="name447-1" full="yes" type="standardized">San Anton de Yte</placeName>
               <placeName xml:id="name447-2" type="standardized-Spanish">San Anton de</placeName>
               <placeName xml:id="name447-3" type="standardized-Andean">Yte</placeName>
               <placeName xml:id="name447-4" type="verbatim">san anton de yte</placeName>
               <location type="ancient">
                  <region type="audiencia">Lima</region>
                  <region type="ciudad">Arequipa</region>
                  <region type="corregimiento">Arica</region>
                  <region type="repartimiento">
                     <placeName type="standardized" full="yes">Encomienda de doña Maria Daualos</placeName>
                     <placeName type="verbatim">endomienda de doña maria daualos</placeName>
                  </region>
                  <settlement type="pueblo">San Anton de Yte</settlement>
               </location>
               <location type="modern">
                  <country>Peru</country>
                  <region type="province">Jorge Basadre</region>
                  <region type="department">Tacna</region>
                  <settlement type="pueblo">Ite</settlement>
               </location>
               <location type="gps">
                  <geo>-17.86132943 -70.96543247</geo>
               </location>
               <location>
                  <geo>-17 51 40.78440 -070 57 55.55520</geo>
               </location>
               <note>I had put rpt as "Ylo e Yte" - where did i get that?</note>
               <bibl xml:id="bib447-1">
                  <title>Levillier 1921-26 v9</title>
                  <citedRange unit="pp">173</citedRange>
               </bibl>
               <bibl xml:id="bib447-2">
                  <title>Levillier 1921-26 v9</title>
                  <citedRange unit="pp">173</citedRange>
               </bibl>
               <bibl xml:id="bib447-3">
                  <title>AGI Lima 464</title>
               </bibl>
               <idno type="URI">http://logarandes.org/place/447</idno>
               <note type="administrative" subtype="Moved">1</note>
               <note type="administrative" subtype="Move_ref">Google sat</note>
               <note type="administrative" subtype="Moved_by">Wernke</note>
               <note type="administrative" subtype="Move_date">12/2/2015</note>
               <note type="administrative" subtype="Delete_2">0</note>
            </place>
         </listPlace>
      </body>
   </text>
</TEI>