<TEI xmlns="http://www.tei-c.org/ns/1.0" xmlns:tei="http://www.tei-c.org/ns/1.0" xmlns:xd="http://www.oxygenxml.com/ns/doc/xsl" xml:lang="en">
   <teiHeader>
      <fileDesc>
         <titleStmt>
            <title level="a" xml:lang="es">Nuestra Señora de Buena Esperanza</title>
            <title level="m">LOGAR Linked Open Gazetteer of the Andean Region</title>
            <sponsor>LOGAR Linked Open Gazetteer of the Andean Region</sponsor>
            <funder>The National Endowment for the Humanities</funder>
            <principal>Steven A. Wernke</principal>
            <principal>Akira Saito</principal>
            <editor role="creator">Steven A. Wernke</editor>
            <editor role="creator">Jeremy Mumford</editor>
            <respStmt>
               <resp>Editing, proofreading, data entry and revision by</resp>
               <name type="person" ref="http://syriaca.org/documentation/editors.xml#swernke">Steven A. Wernke</name>
            </respStmt>
            <respStmt>
               <resp>Editing, proofreading, data entry and revision by</resp>
               <name type="person" ref="http://syriaca.org/documentation/editors.xml#jmumford">Jeremy Mumford</name>
            </respStmt>
         </titleStmt>
         <editionStmt>
            <edition n="1.0"/>
         </editionStmt>
         <publicationStmt>
            <authority>LOGAR Linked Open Gazetteer of the Andean Region</authority>
            <idno type="URI">http://logarandes.org/place/448/tei</idno>
            <availability>
               <licence target="http://creativecommons.org/licenses/by/3.0/">
                  <p>Distributed under a Creative Commons Attribution 3.0 Unported License.</p>
               </licence>
            </availability>
            <date>2016-05-09-04:00</date>
         </publicationStmt>
         <sourceDesc>
            <p>Born digital.</p>
         </sourceDesc>
      </fileDesc>
      <encodingDesc>
         <editorialDecl>
            <p>This record created following the LOGAR guidelines. 
                        Documentation available at: <ref target="http://logarandes.org/documentation">http://logarandes.org/documentation</ref>.</p>
         </editorialDecl>
      </encodingDesc>
      <revisionDesc>
         <change who="http://syriaca.org/documentation/editors.xml#wsalesky" n="1.0" when="2016-05-09-04:00">CREATED: place record</change>
      </revisionDesc>
   </teiHeader>
   <text>
      <body>
         <listPlace>
            <place xml:id="place-448" source="bib448-1">
               <placeName xml:id="name448-1" full="yes" type="standardized">Nuestra Señora de Buena Esperanza</placeName>
               <placeName xml:id="name448-2" type="standardized-Spanish">Nuestra Señora de</placeName>
               <placeName xml:id="name448-4" type="verbatim">nuestra señora de Buenaesperanza</placeName>
               <location type="ancient">
                  <region type="audiencia">La Plata</region>
                  <region type="ciudad">La Paz</region>
                  <region type="corregimiento">Pacajes</region>
                  <region type="repartimiento">
                     <placeName type="standardized" full="yes">Caquingora</placeName>
                     <placeName type="verbatim">caquingora</placeName>
                  </region>
                  <settlement type="pueblo">Nuestra Señora de Buena Esperanza</settlement>
               </location>
               <location type="gps">
                  <geo>-17.28263318 -68.63523649</geo>
               </location>
               <location>
                  <geo>-17 16 57.47880 -068 38 06.84960</geo>
               </location>
               <bibl xml:id="bib448-1">
                  <title>Levillier 1921-26 v9</title>
                  <citedRange unit="pp">145</citedRange>
               </bibl>
               <bibl xml:id="bib448-2">
                  <title>Levillier 1921-26 v9</title>
                  <citedRange unit="pp">145</citedRange>
               </bibl>
               <bibl xml:id="bib448-3">
                  <title>AGI Lima 464</title>
               </bibl>
               <idno type="URI">http://logarandes.org/place/448</idno>
               <note type="administrative" subtype="Moved">1</note>
               <note type="administrative" subtype="Move_ref">Other</note>
               <note type="administrative" subtype="MR_other_notes">Morrone, "Curas doctrineros..." (2013):34: The two doctrinas of rpt. Caquingora were Santa Bárbara de Caquingora and Nuestra Señora de la Buena Esperanza de Calacoto.</note>
               <note type="administrative" subtype="Moved_by">Mumford</note>
               <note type="administrative" subtype="Move_date">12/11/2015</note>
               <note type="administrative" subtype="Delete_2">0</note>
            </place>
         </listPlace>
      </body>
   </text>
</TEI>