<TEI xmlns="http://www.tei-c.org/ns/1.0" xmlns:tei="http://www.tei-c.org/ns/1.0" xmlns:xd="http://www.oxygenxml.com/ns/doc/xsl" xml:lang="en">
   <teiHeader>
      <fileDesc>
         <titleStmt>
            <title level="a" xml:lang="es">La Concepcion [de Mizque?]</title>
            <title level="m">LOGAR Linked Open Gazetteer of the Andean Region</title>
            <sponsor>LOGAR Linked Open Gazetteer of the Andean Region</sponsor>
            <funder>The National Endowment for the Humanities</funder>
            <principal>Steven A. Wernke</principal>
            <principal>Akira Saito</principal>
            <editor role="creator">Steven A. Wernke</editor>
            <editor role="creator">Jeremy Mumford</editor>
            <respStmt>
               <resp>Editing, proofreading, data entry and revision by</resp>
               <name type="person" ref="http://syriaca.org/documentation/editors.xml#swernke">Steven A. Wernke</name>
            </respStmt>
            <respStmt>
               <resp>Editing, proofreading, data entry and revision by</resp>
               <name type="person" ref="http://syriaca.org/documentation/editors.xml#jmumford">Jeremy Mumford</name>
            </respStmt>
         </titleStmt>
         <editionStmt>
            <edition n="1.0"/>
         </editionStmt>
         <publicationStmt>
            <authority>LOGAR Linked Open Gazetteer of the Andean Region</authority>
            <idno type="URI">http://logarandes.org/place/449/tei</idno>
            <availability>
               <licence target="http://creativecommons.org/licenses/by/3.0/">
                  <p>Distributed under a Creative Commons Attribution 3.0 Unported License.</p>
               </licence>
            </availability>
            <date>2016-05-09-04:00</date>
         </publicationStmt>
         <sourceDesc>
            <p>Born digital.</p>
         </sourceDesc>
      </fileDesc>
      <encodingDesc>
         <editorialDecl>
            <p>This record created following the LOGAR guidelines. 
                        Documentation available at: <ref target="http://logarandes.org/documentation">http://logarandes.org/documentation</ref>.</p>
         </editorialDecl>
      </encodingDesc>
      <revisionDesc>
         <change who="http://syriaca.org/documentation/editors.xml#wsalesky" n="1.0" when="2016-05-09-04:00">CREATED: place record</change>
      </revisionDesc>
   </teiHeader>
   <text>
      <body>
         <listPlace>
            <place xml:id="place-449" source="bib449-1">
               <placeName xml:id="name449-1" full="yes" type="standardized">La Concepcion [de Mizque?]</placeName>
               <placeName xml:id="name449-2" type="standardized-Spanish">La Concepcion</placeName>
               <placeName xml:id="name449-3" type="standardized-Andean">[Mizque?]</placeName>
               <placeName xml:id="name449-4" type="verbatim">La Concepcion</placeName>
               <location type="ancient">
                  <region type="audiencia">La Plata</region>
                  <region type="ciudad">La Plata</region>
                  <region type="corregimiento">Mizque</region>
                  <region type="repartimiento">
                     <placeName type="standardized" full="yes">Mizque</placeName>
                     <placeName type="verbatim">Mizque</placeName>
                  </region>
                  <settlement type="pueblo">La Concepcion [de Mizque?]</settlement>
               </location>
               <location type="modern">
                  <country>Bolivia</country>
                  <region type="province">Mizque</region>
                  <region type="department">Cochabamba</region>
                  <settlement type="pueblo">Mizque</settlement>
               </location>
               <population>
                  <desc>1343</desc>
               </population>
               <population source="bib449-1" type="tributaries">
                  <desc>305</desc>
               </population>
               <location type="gps">
                  <geo>-17.94279849 -65.34173339</geo>
               </location>
               <location>
                  <geo>-17 56 34.07280 -065 20 30.23880</geo>
               </location>
               <note>But the town of Mizque was a Spanish villa, "Salinas del Rio Pisuerga," according to Gade, Nature and Culture, 76. "La Concepcion" may have been different.</note>
               <bibl xml:id="bib449-1">
                  <title>Levillier 1921-26 v9</title>
                  <citedRange unit="pp">135</citedRange>
               </bibl>
               <bibl xml:id="bib449-2">
                  <title>Levillier 1921-26 v14</title>
                  <citedRange unit="pp">135</citedRange>
               </bibl>
               <bibl xml:id="bib449-3">
                  <title>AGI Lima 464</title>
               </bibl>
               <idno type="URI">http://logarandes.org/place/449</idno>
               <note type="administrative" subtype="Moved">1</note>
               <note type="administrative" subtype="Move_ref">Google map</note>
               <note type="administrative" subtype="Moved_by">Mumford</note>
               <note type="administrative" subtype="Move_date">12/11/2015</note>
               <note type="administrative" subtype="Delete_2">0</note>
            </place>
         </listPlace>
      </body>
   </text>
</TEI>