<TEI xmlns="http://www.tei-c.org/ns/1.0" xmlns:tei="http://www.tei-c.org/ns/1.0" xmlns:xd="http://www.oxygenxml.com/ns/doc/xsl" xml:lang="en">
   <teiHeader>
      <fileDesc>
         <titleStmt>
            <title level="a" xml:lang="es">San Pedro de Tacna</title>
            <title level="m">LOGAR Linked Open Gazetteer of the Andean Region</title>
            <sponsor>LOGAR Linked Open Gazetteer of the Andean Region</sponsor>
            <funder>The National Endowment for the Humanities</funder>
            <principal>Steven A. Wernke</principal>
            <principal>Akira Saito</principal>
            <editor role="creator">Steven A. Wernke</editor>
            <editor role="creator">Jeremy Mumford</editor>
                <editor role="creator">Akira Saito</editor>
            <respStmt>
               <resp>Editing, proofreading, data entry and revision by</resp>
               <name type="person" ref="http://syriaca.org/documentation/editors.xml#swernke">Steven A. Wernke</name>
            </respStmt>
            <respStmt>
               <resp>Editing, proofreading, data entry and revision by</resp>
               <name type="person" ref="http://syriaca.org/documentation/editors.xml#jmumford">Jeremy Mumford</name>
            </respStmt>
                <respStmt>
                    <resp>Editing for locational accuracy by </resp>
                    <name type="person">Akira Saito</name>
                </respStmt>
         </titleStmt>
         <editionStmt>
            <edition n="1.0"/>
         </editionStmt>
         <publicationStmt>
            <authority>LOGAR Linked Open Gazetteer of the Andean Region</authority>
            <idno type="URI">http://logarandes.org/place/450/tei</idno>
            <availability>
               <licence target="http://creativecommons.org/licenses/by/3.0/">
                  <p>Distributed under a Creative Commons Attribution 3.0 Unported License.</p>
               </licence>
            </availability>
            <date>2016-05-09-04:00</date>
         </publicationStmt>
         <sourceDesc>
            <p>Born digital.</p>
         </sourceDesc>
      </fileDesc>
      <encodingDesc>
         <editorialDecl>
            <p>This record created following the LOGAR guidelines. 
                        Documentation available at: <ref target="http://logarandes.org/documentation">http://logarandes.org/documentation</ref>.</p>
         </editorialDecl>
      </encodingDesc>
      <revisionDesc>
         <change who="http://syriaca.org/documentation/editors.xml#admin" n="1.0" when="2016-05-09-04:00">Location corrections provided by Akira Saito of the National Museum of Ethnology, Japan and his team. </change>
            <change who="http://syriaca.org/documentation/editors.xml#wsalesky" n="1.0" when="2016-05-09-04:00">CREATED: place record</change>
      </revisionDesc>
   </teiHeader>
   <text>
      <body>
         <listPlace>
            <place xml:id="place-450" source="bib450-1">
               <placeName xml:id="name450-1" full="yes" type="standardized">San Pedro de Tacna</placeName>
               <placeName xml:id="name450-2" type="standardized-Spanish">San Pedro de</placeName>
               <placeName xml:id="name450-3" type="standardized-Andean">Tacna</placeName>
               <placeName xml:id="name450-4" type="verbatim">san pedro de tacna</placeName>
               <location type="ancient">
                  <region type="audiencia">Lima</region>
                  <region type="ciudad">Arequipa</region>
                  <region type="corregimiento">Arica</region>
                  <region type="repartimiento">
                     <placeName type="standardized" full="yes">Tacna</placeName>
                     <placeName type="verbatim">tacna</placeName>
                  </region>
                  <settlement type="pueblo">San Pedro de Tacna</settlement>
               </location>
               <location type="modern">
                  <country>Peru</country>
                  <region type="province">Tacna</region>
                  <region type="department">Tacna</region>
                  <settlement type="pueblo">Tacna</settlement>
               </location>
               <location type="gps" source="#bib450-3">
                        <geo>-18.01395 -70.25125</geo>
                    </location>
               <location>
                  <geo>-18 00 25.74360 -070 14 37.42440</geo>
               </location>
               <bibl xml:id="bib450-1">
                  <title>Levillier 1921-26 v9</title>
                  <citedRange unit="pp">172</citedRange>
               </bibl>
               <bibl xml:id="bib450-2">
                  <title>Levillier 1921-26 v9</title>
                  <citedRange unit="pp">172</citedRange>
               </bibl>
               <bibl xml:id="bib450-3">
                  <title>AGI Lima 464</title>
               <citedRange unit="part">26v</citedRange>
                    </bibl>
               <idno type="URI">http://logarandes.org/place/450</idno>
               <note type="administrative" subtype="Moved">1</note>
               <note type="administrative" subtype="Move_ref">Google sat</note>
               <note type="administrative" subtype="MR_other_notes">Point on center of Plaza Espiritu Santo. Could not find a plaza de armas.</note>
               <note type="administrative" subtype="Moved_by">Wernke</note>
               <note type="administrative" subtype="Move_date">12/2/2015</note>
               <note type="administrative" subtype="Delete_2">0</note>
            </place>
         </listPlace>
      </body>
   </text>
</TEI>