<TEI xmlns="http://www.tei-c.org/ns/1.0" xmlns:tei="http://www.tei-c.org/ns/1.0" xmlns:xd="http://www.oxygenxml.com/ns/doc/xsl" xml:lang="en">
   <teiHeader>
      <fileDesc>
         <titleStmt>
            <title level="a" xml:lang="es">San Pedro de Challacollo</title>
            <title level="m">LOGAR Linked Open Gazetteer of the Andean Region</title>
            <sponsor>LOGAR Linked Open Gazetteer of the Andean Region</sponsor>
            <funder>The National Endowment for the Humanities</funder>
            <principal>Steven A. Wernke</principal>
            <principal>Akira Saito</principal>
            <editor role="creator">Steven A. Wernke</editor>
            <editor role="creator">Jeremy Mumford</editor>
            <respStmt>
               <resp>Editing, proofreading, data entry and revision by</resp>
               <name type="person" ref="http://syriaca.org/documentation/editors.xml#swernke">Steven A. Wernke</name>
            </respStmt>
            <respStmt>
               <resp>Editing, proofreading, data entry and revision by</resp>
               <name type="person" ref="http://syriaca.org/documentation/editors.xml#jmumford">Jeremy Mumford</name>
            </respStmt>
         </titleStmt>
         <editionStmt>
            <edition n="1.0"/>
         </editionStmt>
         <publicationStmt>
            <authority>LOGAR Linked Open Gazetteer of the Andean Region</authority>
            <idno type="URI">http://logarandes.org/place/451/tei</idno>
            <availability>
               <licence target="http://creativecommons.org/licenses/by/3.0/">
                  <p>Distributed under a Creative Commons Attribution 3.0 Unported License.</p>
               </licence>
            </availability>
            <date>2016-05-09-04:00</date>
         </publicationStmt>
         <sourceDesc>
            <p>Born digital.</p>
         </sourceDesc>
      </fileDesc>
      <encodingDesc>
         <editorialDecl>
            <p>This record created following the LOGAR guidelines. 
                        Documentation available at: <ref target="http://logarandes.org/documentation">http://logarandes.org/documentation</ref>.</p>
         </editorialDecl>
      </encodingDesc>
      <revisionDesc>
         <change who="http://syriaca.org/documentation/editors.xml#wsalesky" n="1.0" when="2016-05-09-04:00">CREATED: place record</change>
      </revisionDesc>
   </teiHeader>
   <text>
      <body>
         <listPlace>
            <place xml:id="place-451" source="bib451-1">
               <placeName xml:id="name451-1" full="yes" type="standardized">San Pedro de Challacollo</placeName>
               <placeName xml:id="name451-2" type="standardized-Spanish">San Pedro de</placeName>
               <placeName xml:id="name451-3" type="standardized-Andean">Challacollo</placeName>
               <placeName xml:id="name451-4" type="verbatim">San Pedro de Challacollo</placeName>
               <location type="ancient">
                  <region type="audiencia">La Plata</region>
                  <region type="ciudad">La Plata</region>
                  <region type="corregimiento">Paria</region>
                  <region type="repartimiento">
                     <placeName type="standardized" full="yes">Paria</placeName>
                     <placeName type="verbatim">Paria</placeName>
                  </region>
                  <settlement type="pueblo">San Pedro de Challacollo</settlement>
               </location>
               <location type="modern">
                  <country>Bolivia</country>
                  <region type="province">Cercado</region>
                  <region type="department">Oruro</region>
                  <settlement type="pueblo">Challacollo</settlement>
               </location>
               <location type="gps">
                  <geo>-18.07837482 -67.23983924</geo>
               </location>
               <location>
                  <geo>-18 04 42.15000 -067 14 23.42040</geo>
               </location>
               <note>Coordinates from: http://www.indexmundi.com/zp/bl/1800.htm - there are 2 locations for Challacollo in Oruro on IM, I chose this one based on the fact that the Coordinates listed for Cercado on Wikipedia didn't match with the other one quite as well, but</note>
               <bibl xml:id="bib451-1">
                  <title>Levillier 1921-26 v9</title>
                  <citedRange unit="pp">139</citedRange>
               </bibl>
               <bibl xml:id="bib451-2">
                  <title>Levillier 1921-26 v44</title>
                  <citedRange unit="pp">139</citedRange>
               </bibl>
               <bibl xml:id="bib451-3">
                  <title>AGI Lima 464</title>
               </bibl>
               <idno type="URI">http://logarandes.org/place/451</idno>
               <note type="administrative" subtype="Moved">1</note>
               <note type="administrative" subtype="Move_ref">Google sat</note>
               <note type="administrative" subtype="Moved_by">Mumford</note>
               <note type="administrative" subtype="Move_date">12/11/2015</note>
               <note type="administrative" subtype="Delete_2">0</note>
            </place>
         </listPlace>
      </body>
   </text>
</TEI>