<TEI xmlns="http://www.tei-c.org/ns/1.0" xmlns:tei="http://www.tei-c.org/ns/1.0" xmlns:xd="http://www.oxygenxml.com/ns/doc/xsl" xml:lang="en">
   <teiHeader>
      <fileDesc>
         <titleStmt>
            <title level="a" xml:lang="es">San Luis de Sacaca</title>
            <title level="m">LOGAR Linked Open Gazetteer of the Andean Region</title>
            <sponsor>LOGAR Linked Open Gazetteer of the Andean Region</sponsor>
            <funder>The National Endowment for the Humanities</funder>
            <principal>Steven A. Wernke</principal>
            <principal>Akira Saito</principal>
            <editor role="creator">Steven A. Wernke</editor>
            <editor role="creator">Jeremy Mumford</editor>
            <respStmt>
               <resp>Editing, proofreading, data entry and revision by</resp>
               <name type="person" ref="http://syriaca.org/documentation/editors.xml#swernke">Steven A. Wernke</name>
            </respStmt>
            <respStmt>
               <resp>Editing, proofreading, data entry and revision by</resp>
               <name type="person" ref="http://syriaca.org/documentation/editors.xml#jmumford">Jeremy Mumford</name>
            </respStmt>
         </titleStmt>
         <editionStmt>
            <edition n="1.0"/>
         </editionStmt>
         <publicationStmt>
            <authority>LOGAR Linked Open Gazetteer of the Andean Region</authority>
            <idno type="URI">http://logarandes.org/place/452/tei</idno>
            <availability>
               <licence target="http://creativecommons.org/licenses/by/3.0/">
                  <p>Distributed under a Creative Commons Attribution 3.0 Unported License.</p>
               </licence>
            </availability>
            <date>2016-05-09-04:00</date>
         </publicationStmt>
         <sourceDesc>
            <p>Born digital.</p>
         </sourceDesc>
      </fileDesc>
      <encodingDesc>
         <editorialDecl>
            <p>This record created following the LOGAR guidelines. 
                        Documentation available at: <ref target="http://logarandes.org/documentation">http://logarandes.org/documentation</ref>.</p>
         </editorialDecl>
      </encodingDesc>
      <revisionDesc>
         <change who="http://syriaca.org/documentation/editors.xml#wsalesky" n="1.0" when="2016-05-09-04:00">CREATED: place record</change>
      </revisionDesc>
   </teiHeader>
   <text>
      <body>
         <listPlace>
            <place xml:id="place-452" source="bib452-1">
               <placeName xml:id="name452-1" full="yes" type="standardized">San Luis de Sacaca</placeName>
               <placeName xml:id="name452-2" type="standardized-Spanish">San Luis de</placeName>
               <placeName xml:id="name452-3" type="standardized-Andean">Sacaca</placeName>
               <placeName xml:id="name452-4" type="verbatim">San Luis de Sacaca</placeName>
               <location type="ancient">
                  <region type="audiencia">La Plata</region>
                  <region type="ciudad">La Plata</region>
                  <region type="corregimiento">Chayanta</region>
                  <region type="repartimiento">
                     <placeName type="standardized" full="yes">Sacaca</placeName>
                     <placeName type="verbatim">sacaca</placeName>
                  </region>
                  <settlement type="pueblo">San Luis de Sacaca</settlement>
               </location>
               <location type="modern">
                  <country>Bolivia</country>
                  <region type="province">Alonso de Ibáñez</region>
                  <region type="department">Potosí</region>
                  <settlement type="pueblo">Sacaca</settlement>
               </location>
               <population>
                  <desc>5161</desc>
               </population>
               <population source="bib452-1" type="tributaries">
                  <desc>1049</desc>
               </population>
               <location type="gps">
                  <geo>-18.06948273 -66.3844657</geo>
               </location>
               <location>
                  <geo>-18 04 10.13880 -066 23 04.07760</geo>
               </location>
               <bibl xml:id="bib452-1">
                  <title>Levillier 1921-26 v9</title>
                  <citedRange unit="pp">139</citedRange>
               </bibl>
               <bibl xml:id="bib452-2">
                  <title>Levillier 1921-26 v42</title>
                  <citedRange unit="pp">139</citedRange>
               </bibl>
               <bibl xml:id="bib452-3">
                  <title>AGI Lima 464</title>
               </bibl>
               <idno type="URI">http://logarandes.org/place/452</idno>
               <note type="administrative" subtype="Moved">1</note>
               <note type="administrative" subtype="Move_ref">Google sat</note>
               <note type="administrative" subtype="Moved_by">Mumford</note>
               <note type="administrative" subtype="Move_date">12/1/2015</note>
               <note type="administrative" subtype="Delete_2">0</note>
            </place>
         </listPlace>
      </body>
   </text>
</TEI>