<TEI xmlns="http://www.tei-c.org/ns/1.0" xmlns:tei="http://www.tei-c.org/ns/1.0" xmlns:xd="http://www.oxygenxml.com/ns/doc/xsl" xml:lang="en">
   <teiHeader>
      <fileDesc>
         <titleStmt>
            <title level="a" xml:lang="es">Saucare</title>
            <title level="m">LOGAR Linked Open Gazetteer of the Andean Region</title>
            <sponsor>LOGAR Linked Open Gazetteer of the Andean Region</sponsor>
            <funder>The National Endowment for the Humanities</funder>
            <principal>Steven A. Wernke</principal>
            <principal>Akira Saito</principal>
            <editor role="creator">Steven A. Wernke</editor>
            <editor role="creator">Jeremy Mumford</editor>
            <respStmt>
               <resp>Editing, proofreading, data entry and revision by</resp>
               <name type="person" ref="http://syriaca.org/documentation/editors.xml#swernke">Steven A. Wernke</name>
            </respStmt>
            <respStmt>
               <resp>Editing, proofreading, data entry and revision by</resp>
               <name type="person" ref="http://syriaca.org/documentation/editors.xml#jmumford">Jeremy Mumford</name>
            </respStmt>
         </titleStmt>
         <editionStmt>
            <edition n="1.0"/>
         </editionStmt>
         <publicationStmt>
            <authority>LOGAR Linked Open Gazetteer of the Andean Region</authority>
            <idno type="URI">http://logarandes.org/place/453/tei</idno>
            <availability>
               <licence target="http://creativecommons.org/licenses/by/3.0/">
                  <p>Distributed under a Creative Commons Attribution 3.0 Unported License.</p>
               </licence>
            </availability>
            <date>2016-05-09-04:00</date>
         </publicationStmt>
         <sourceDesc>
            <p>Born digital.</p>
         </sourceDesc>
      </fileDesc>
      <encodingDesc>
         <editorialDecl>
            <p>This record created following the LOGAR guidelines. 
                        Documentation available at: <ref target="http://logarandes.org/documentation">http://logarandes.org/documentation</ref>.</p>
         </editorialDecl>
      </encodingDesc>
      <revisionDesc>
         <change who="http://syriaca.org/documentation/editors.xml#wsalesky" n="1.0" when="2016-05-09-04:00">CREATED: place record</change>
      </revisionDesc>
   </teiHeader>
   <text>
      <body>
         <listPlace>
            <place xml:id="place-453" source="bib453-1">
               <placeName xml:id="name453-1" full="yes" type="standardized">Saucare</placeName>
               <placeName xml:id="name453-3" type="standardized-Andean">Saucare</placeName>
               <placeName xml:id="name453-4" type="verbatim">Saucare</placeName>
               <location type="ancient">
                  <region type="audiencia">La Plata</region>
                  <region type="ciudad">La Plata</region>
                  <region type="corregimiento">Paria</region>
                  <region type="repartimiento">
                     <placeName type="standardized" full="yes">Paria</placeName>
                     <placeName type="verbatim">Paria</placeName>
                  </region>
                  <settlement type="pueblo">Saucare</settlement>
               </location>
               <location type="modern">
                  <country>Bolivia</country>
                  <region type="province">Saucari</region>
                  <region type="department">Oruro</region>
                  <settlement type="pueblo">Saucari</settlement>
                  <note type="modern-location">Not a capital</note>
               </location>
               <location type="gps">
                  <geo>-18.18128621 -67.40626263</geo>
               </location>
               <location>
                  <geo>-18 10 52.62960 -067 24 22.54680</geo>
               </location>
               <bibl xml:id="bib453-1">
                  <title>Levillier 1921-26 v9</title>
                  <citedRange unit="pp">139</citedRange>
               </bibl>
               <bibl xml:id="bib453-2">
                  <title>Levillier 1921-26 v45</title>
                  <citedRange unit="pp">139</citedRange>
               </bibl>
               <bibl xml:id="bib453-3">
                  <title>AGI Lima 464</title>
               </bibl>
               <idno type="URI">http://logarandes.org/place/453</idno>
               <note type="administrative" subtype="Moved">1</note>
               <note type="administrative" subtype="Move_ref">Other</note>
               <note type="administrative" subtype="MR_other_notes">https://es.wikipedia.org/wiki/Provincia_de_Saucar%C3%AD: "La provincia está conformada por el municipio de: Toledo." See: http://www.ine.gob.bo/publicaciones/visorPdf.aspx?Codigo=041001&amp;tipo=1</note>
               <note type="administrative" subtype="Moved_by">Mumford</note>
               <note type="administrative" subtype="Move_date">12/11/2015</note>
               <note type="administrative" subtype="Delete_2">0</note>
            </place>
         </listPlace>
      </body>
   </text>
</TEI>