<TEI xmlns="http://www.tei-c.org/ns/1.0" xmlns:tei="http://www.tei-c.org/ns/1.0" xmlns:xd="http://www.oxygenxml.com/ns/doc/xsl" xml:lang="en">
   <teiHeader>
      <fileDesc>
         <titleStmt>
            <title level="a" xml:lang="es">Ayquile</title>
            <title level="m">LOGAR Linked Open Gazetteer of the Andean Region</title>
            <sponsor>LOGAR Linked Open Gazetteer of the Andean Region</sponsor>
            <funder>The National Endowment for the Humanities</funder>
            <principal>Steven A. Wernke</principal>
            <principal>Akira Saito</principal>
            <editor role="creator">Steven A. Wernke</editor>
            <editor role="creator">Jeremy Mumford</editor>
            <respStmt>
               <resp>Editing, proofreading, data entry and revision by</resp>
               <name type="person" ref="http://syriaca.org/documentation/editors.xml#swernke">Steven A. Wernke</name>
            </respStmt>
            <respStmt>
               <resp>Editing, proofreading, data entry and revision by</resp>
               <name type="person" ref="http://syriaca.org/documentation/editors.xml#jmumford">Jeremy Mumford</name>
            </respStmt>
         </titleStmt>
         <editionStmt>
            <edition n="1.0"/>
         </editionStmt>
         <publicationStmt>
            <authority>LOGAR Linked Open Gazetteer of the Andean Region</authority>
            <idno type="URI">http://logarandes.org/place/454/tei</idno>
            <availability>
               <licence target="http://creativecommons.org/licenses/by/3.0/">
                  <p>Distributed under a Creative Commons Attribution 3.0 Unported License.</p>
               </licence>
            </availability>
            <date>2016-05-09-04:00</date>
         </publicationStmt>
         <sourceDesc>
            <p>Born digital.</p>
         </sourceDesc>
      </fileDesc>
      <encodingDesc>
         <editorialDecl>
            <p>This record created following the LOGAR guidelines. 
                        Documentation available at: <ref target="http://logarandes.org/documentation">http://logarandes.org/documentation</ref>.</p>
         </editorialDecl>
      </encodingDesc>
      <revisionDesc>
         <change who="http://syriaca.org/documentation/editors.xml#wsalesky" n="1.0" when="2016-05-09-04:00">CREATED: place record</change>
      </revisionDesc>
   </teiHeader>
   <text>
      <body>
         <listPlace>
            <place xml:id="place-454" source="bib454-1">
               <placeName xml:id="name454-1" full="yes" type="standardized">Ayquile</placeName>
               <placeName xml:id="name454-3" type="standardized-Andean">Ayquile</placeName>
               <placeName xml:id="name454-4" type="verbatim">ayquile</placeName>
               <location type="ancient">
                  <region type="audiencia">La Plata</region>
                  <region type="ciudad">La Plata</region>
                  <region type="corregimiento">Mizque</region>
                  <region type="repartimiento">
                     <placeName type="standardized" full="yes">Ayquile?</placeName>
                     <placeName type="verbatim">"el pueblo de ayquile encomendado en alonso de Aldana"</placeName>
                  </region>
                  <settlement type="pueblo">Ayquile</settlement>
               </location>
               <location type="modern">
                  <country>Bolivia</country>
                  <region type="province">Campero</region>
                  <region type="department">Cochabamba</region>
                  <settlement type="pueblo">Aiquile</settlement>
               </location>
               <population>
                  <desc>154</desc>
               </population>
               <population source="bib454-1" type="tributaries">
                  <desc>47</desc>
               </population>
               <location type="gps">
                  <geo>-18.20035179 -65.1807122</geo>
               </location>
               <location>
                  <geo>-18 12 01.26720 -065 10 50.56320</geo>
               </location>
               <bibl xml:id="bib454-1">
                  <title>Levillier 1921-26 v9</title>
                  <citedRange unit="pp">136</citedRange>
               </bibl>
               <bibl xml:id="bib454-2">
                  <title>Levillier 1921-26 v18</title>
                  <citedRange unit="pp">136</citedRange>
               </bibl>
               <bibl xml:id="bib454-3">
                  <title>AGI Lima 464</title>
               </bibl>
               <idno type="URI">http://logarandes.org/place/454</idno>
               <note type="administrative" subtype="Moved">1</note>
               <note type="administrative" subtype="Move_ref">Google sat</note>
               <note type="administrative" subtype="Moved_by">Mumford</note>
               <note type="administrative" subtype="Move_date">12/11/2015</note>
               <note type="administrative" subtype="Delete_2">0</note>
            </place>
         </listPlace>
      </body>
   </text>
</TEI>