<TEI xmlns="http://www.tei-c.org/ns/1.0" xmlns:tei="http://www.tei-c.org/ns/1.0" xmlns:xd="http://www.oxygenxml.com/ns/doc/xsl" xml:lang="en">
   <teiHeader>
      <fileDesc>
         <titleStmt>
            <title level="a" xml:lang="es">Chuquicota</title>
            <title level="m">LOGAR Linked Open Gazetteer of the Andean Region</title>
            <sponsor>LOGAR Linked Open Gazetteer of the Andean Region</sponsor>
            <funder>The National Endowment for the Humanities</funder>
            <principal>Steven A. Wernke</principal>
            <principal>Akira Saito</principal>
            <editor role="creator">Steven A. Wernke</editor>
            <editor role="creator">Jeremy Mumford</editor>
            <respStmt>
               <resp>Editing, proofreading, data entry and revision by</resp>
               <name type="person" ref="http://syriaca.org/documentation/editors.xml#swernke">Steven A. Wernke</name>
            </respStmt>
            <respStmt>
               <resp>Editing, proofreading, data entry and revision by</resp>
               <name type="person" ref="http://syriaca.org/documentation/editors.xml#jmumford">Jeremy Mumford</name>
            </respStmt>
         </titleStmt>
         <editionStmt>
            <edition n="1.0"/>
         </editionStmt>
         <publicationStmt>
            <authority>LOGAR Linked Open Gazetteer of the Andean Region</authority>
            <idno type="URI">http://logarandes.org/place/455/tei</idno>
            <availability>
               <licence target="http://creativecommons.org/licenses/by/3.0/">
                  <p>Distributed under a Creative Commons Attribution 3.0 Unported License.</p>
               </licence>
            </availability>
            <date>2016-05-09-04:00</date>
         </publicationStmt>
         <sourceDesc>
            <p>Born digital.</p>
         </sourceDesc>
      </fileDesc>
      <encodingDesc>
         <editorialDecl>
            <p>This record created following the LOGAR guidelines. 
                        Documentation available at: <ref target="http://logarandes.org/documentation">http://logarandes.org/documentation</ref>.</p>
         </editorialDecl>
      </encodingDesc>
      <revisionDesc>
         <change who="http://syriaca.org/documentation/editors.xml#wsalesky" n="1.0" when="2016-05-09-04:00">CREATED: place record</change>
      </revisionDesc>
   </teiHeader>
   <text>
      <body>
         <listPlace>
            <place xml:id="place-455" source="bib455-1">
               <placeName xml:id="name455-1" full="yes" type="standardized">Chuquicota</placeName>
               <placeName xml:id="name455-3" type="standardized-Andean">Chuquicota</placeName>
               <placeName xml:id="name455-4" type="verbatim">chuquicota</placeName>
               <location type="ancient">
                  <region type="audiencia">La Plata</region>
                  <region type="ciudad">La Plata</region>
                  <region type="corregimiento">Carangas</region>
                  <region type="repartimiento">
                     <placeName type="standardized" full="yes">Chuquicota y Sabaya</placeName>
                     <placeName type="verbatim">Chuquicota y Sauaya</placeName>
                  </region>
                  <settlement type="pueblo">Chuquicota</settlement>
               </location>
               <location type="modern">
                  <country>Bolivia</country>
                  <region type="province">Carangas</region>
                  <region type="department">Oruro</region>
                  <settlement type="pueblo">Choquecota</settlement>
               </location>
               <location type="gps">
                  <geo>-18.0983431 -67.89544921</geo>
               </location>
               <location>
                  <geo>-18 05 54.03480 -067 53 43.61640</geo>
               </location>
               <note>http://www.indexmundi.com/zp/bl/2220.htm: There are two Choquecota's in Dept. Oruro: one in Prov. Carangas and a canton of Belen de Choquecota in Prov. Nor Carangas, municipio Huayllamarca. Two (I'm not sure which is which) show up on IndexMundi, very cl</note>
               <bibl xml:id="bib455-1">
                  <title>Levillier 1921-26 v9</title>
                  <citedRange unit="pp">140</citedRange>
               </bibl>
               <bibl xml:id="bib455-2">
                  <title>Levillier 1921-26 v59</title>
                  <citedRange unit="pp">140</citedRange>
               </bibl>
               <bibl xml:id="bib455-3">
                  <title>AGI Lima 464</title>
               </bibl>
               <idno type="URI">http://logarandes.org/place/455</idno>
               <note type="administrative" subtype="Moved">1</note>
               <note type="administrative" subtype="Move_ref">Google sat</note>
               <note type="administrative" subtype="MR_other_notes">It's not totally clear from the map that this settlement is Choquicota.</note>
               <note type="administrative" subtype="Moved_by">Mumford</note>
               <note type="administrative" subtype="Move_date">12/1/2015</note>
               <note type="administrative" subtype="Delete_2">0</note>
            </place>
         </listPlace>
      </body>
   </text>
</TEI>