<TEI xmlns="http://www.tei-c.org/ns/1.0" xmlns:tei="http://www.tei-c.org/ns/1.0" xmlns:xd="http://www.oxygenxml.com/ns/doc/xsl" xml:lang="en">
   <teiHeader>
      <fileDesc>
         <titleStmt>
            <title level="a" xml:lang="es">Colquemarca</title>
            <title level="m">LOGAR Linked Open Gazetteer of the Andean Region</title>
            <sponsor>LOGAR Linked Open Gazetteer of the Andean Region</sponsor>
            <funder>The National Endowment for the Humanities</funder>
            <principal>Steven A. Wernke</principal>
            <principal>Akira Saito</principal>
            <editor role="creator">Steven A. Wernke</editor>
            <editor role="creator">Jeremy Mumford</editor>
            <respStmt>
               <resp>Editing, proofreading, data entry and revision by</resp>
               <name type="person" ref="http://syriaca.org/documentation/editors.xml#swernke">Steven A. Wernke</name>
            </respStmt>
            <respStmt>
               <resp>Editing, proofreading, data entry and revision by</resp>
               <name type="person" ref="http://syriaca.org/documentation/editors.xml#jmumford">Jeremy Mumford</name>
            </respStmt>
         </titleStmt>
         <editionStmt>
            <edition n="1.0"/>
         </editionStmt>
         <publicationStmt>
            <authority>LOGAR Linked Open Gazetteer of the Andean Region</authority>
            <idno type="URI">http://logarandes.org/place/456/tei</idno>
            <availability>
               <licence target="http://creativecommons.org/licenses/by/3.0/">
                  <p>Distributed under a Creative Commons Attribution 3.0 Unported License.</p>
               </licence>
            </availability>
            <date>2016-05-09-04:00</date>
         </publicationStmt>
         <sourceDesc>
            <p>Born digital.</p>
         </sourceDesc>
      </fileDesc>
      <encodingDesc>
         <editorialDecl>
            <p>This record created following the LOGAR guidelines. 
                        Documentation available at: <ref target="http://logarandes.org/documentation">http://logarandes.org/documentation</ref>.</p>
         </editorialDecl>
      </encodingDesc>
      <revisionDesc>
         <change who="http://syriaca.org/documentation/editors.xml#wsalesky" n="1.0" when="2016-05-09-04:00">CREATED: place record</change>
      </revisionDesc>
   </teiHeader>
   <text>
      <body>
         <listPlace>
            <place xml:id="place-456" source="bib456-1">
               <placeName xml:id="name456-1" full="yes" type="standardized">Colquemarca</placeName>
               <placeName xml:id="name456-3" type="standardized-Andean">Colquemarca</placeName>
               <placeName xml:id="name456-4" type="verbatim">Colquemarca</placeName>
               <location type="ancient">
                  <region type="audiencia">La Plata</region>
                  <region type="ciudad">La Plata</region>
                  <region type="corregimiento">Carangas</region>
                  <region type="repartimiento">
                     <placeName type="standardized" full="yes">Colquemarca y Andamarca</placeName>
                     <placeName type="verbatim">Colquemarca y Andamarca</placeName>
                  </region>
                  <settlement type="pueblo">Colquemarca</settlement>
               </location>
               <location type="modern">
                  <country>Bolivia</country>
                  <region type="province">Unknown</region>
                  <region type="department">Oruro</region>
                  <settlement type="pueblo">Colquemarca</settlement>
               </location>
               <location type="gps">
                  <geo>-18.35047145 -67.68216347</geo>
               </location>
               <location>
                  <geo>-18 21 01.69560 -067 40 55.78680</geo>
               </location>
               <note>Look at map on page 38 of Mangan, Trading Places (http://books.google.com/books?id=hTKR3WY7dXoC&amp;pg=PA38&amp;lpg=PA38&amp;dq=colquemarca+carangas&amp;source=bl&amp;ots=_iMLJ3Onjr&amp;sig=9khBK6KDNzgITleJinosu38xoZk&amp;hl=en&amp;sa=X&amp;ei=xCueUazuOenk4AOPm4DwAw&amp;ved=0CFAQ6AEwBA#v=onepa</note>
               <bibl xml:id="bib456-1">
                  <title>Levillier 1921-26 v9</title>
                  <citedRange unit="pp">140</citedRange>
               </bibl>
               <bibl xml:id="bib456-2">
                  <title>Levillier 1921-26 v57</title>
                  <citedRange unit="pp">140</citedRange>
               </bibl>
               <bibl xml:id="bib456-3">
                  <title>AGI Lima 464</title>
               </bibl>
               <idno type="URI">http://logarandes.org/place/456</idno>
               <note type="administrative" subtype="Moved">1</note>
               <note type="administrative" subtype="Move_ref">Other</note>
               <note type="administrative" subtype="Moved_by">Mumford</note>
               <note type="administrative" subtype="Move_date">12/11/2015</note>
               <note type="administrative" subtype="Delete_2">0</note>
            </place>
         </listPlace>
      </body>
   </text>
</TEI>