<TEI xmlns="http://www.tei-c.org/ns/1.0" xmlns:tei="http://www.tei-c.org/ns/1.0" xmlns:xd="http://www.oxygenxml.com/ns/doc/xsl" xml:lang="en">
   <teiHeader>
      <fileDesc>
         <titleStmt>
            <title level="a" xml:lang="es">Villareal de Aullaga</title>
            <title level="m">LOGAR Linked Open Gazetteer of the Andean Region</title>
            <sponsor>LOGAR Linked Open Gazetteer of the Andean Region</sponsor>
            <funder>The National Endowment for the Humanities</funder>
            <principal>Steven A. Wernke</principal>
            <principal>Akira Saito</principal>
            <editor role="creator">Steven A. Wernke</editor>
            <editor role="creator">Jeremy Mumford</editor>
            <respStmt>
               <resp>Editing, proofreading, data entry and revision by</resp>
               <name type="person" ref="http://syriaca.org/documentation/editors.xml#swernke">Steven A. Wernke</name>
            </respStmt>
            <respStmt>
               <resp>Editing, proofreading, data entry and revision by</resp>
               <name type="person" ref="http://syriaca.org/documentation/editors.xml#jmumford">Jeremy Mumford</name>
            </respStmt>
         </titleStmt>
         <editionStmt>
            <edition n="1.0"/>
         </editionStmt>
         <publicationStmt>
            <authority>LOGAR Linked Open Gazetteer of the Andean Region</authority>
            <idno type="URI">http://logarandes.org/place/461/tei</idno>
            <availability>
               <licence target="http://creativecommons.org/licenses/by/3.0/">
                  <p>Distributed under a Creative Commons Attribution 3.0 Unported License.</p>
               </licence>
            </availability>
            <date>2016-05-09-04:00</date>
         </publicationStmt>
         <sourceDesc>
            <p>Born digital.</p>
         </sourceDesc>
      </fileDesc>
      <encodingDesc>
         <editorialDecl>
            <p>This record created following the LOGAR guidelines. 
                        Documentation available at: <ref target="http://logarandes.org/documentation">http://logarandes.org/documentation</ref>.</p>
         </editorialDecl>
      </encodingDesc>
      <revisionDesc>
         <change who="http://syriaca.org/documentation/editors.xml#wsalesky" n="1.0" when="2016-05-09-04:00">CREATED: place record</change>
      </revisionDesc>
   </teiHeader>
   <text>
      <body>
         <listPlace>
            <place xml:id="place-461" source="bib461-1">
               <placeName xml:id="name461-1" full="yes" type="standardized">Villareal de Aullaga</placeName>
               <placeName xml:id="name461-2" type="standardized-Spanish">Villareal de</placeName>
               <placeName xml:id="name461-3" type="standardized-Andean">Aullaga</placeName>
               <placeName xml:id="name461-4" type="verbatim">villareal de aullaga</placeName>
               <location type="ancient">
                  <region type="audiencia">La Plata</region>
                  <region type="ciudad">La Plata</region>
                  <region type="corregimiento">Paria</region>
                  <region type="repartimiento">
                     <placeName type="standardized" full="yes">Aullagas y Uruquillas</placeName>
                     <placeName type="verbatim">avllagas y vruquillas</placeName>
                  </region>
                  <settlement type="pueblo">Villareal de Aullaga</settlement>
               </location>
               <location type="modern">
                  <country>Bolivia</country>
                  <region type="province">Chayanta</region>
                  <region type="department">Potosí</region>
                  <settlement type="pueblo">Aullagas</settlement>
               </location>
               <location type="gps">
                  <geo>-19.1963633 -67.06186745</geo>
               </location>
               <location>
                  <geo>-19 11 46.90680 -067 03 42.72120</geo>
               </location>
               <bibl xml:id="bib461-1">
                  <title>Levillier 1921-26 v9</title>
                  <citedRange unit="pp">139</citedRange>
               </bibl>
               <bibl xml:id="bib461-2">
                  <title>Levillier 1921-26 v49</title>
                  <citedRange unit="pp">139</citedRange>
               </bibl>
               <bibl xml:id="bib461-3">
                  <title>AGI Lima 464</title>
               </bibl>
               <idno type="URI">http://logarandes.org/place/461</idno>
               <note type="administrative" subtype="Moved">1</note>
               <note type="administrative" subtype="Move_ref">Google sat</note>
               <note type="administrative" subtype="MR_other_notes">Abercrombie, Pathways, 238 identifies Villareal de Aullagas as modern Pampa Aullagas, dept Oruro, Prov Ladislao Cabrera. [Note: I had put it in Aullagas, Dept Potosi, Prov Chayanta - this is wrong.]</note>
               <note type="administrative" subtype="Moved_by">Mumford</note>
               <note type="administrative" subtype="Move_date">12/11/2015</note>
               <note type="administrative" subtype="Delete_2">0</note>
            </place>
         </listPlace>
      </body>
   </text>
</TEI>