<TEI xmlns="http://www.tei-c.org/ns/1.0" xmlns:tei="http://www.tei-c.org/ns/1.0" xmlns:xd="http://www.oxygenxml.com/ns/doc/xsl" xml:lang="en">
   <teiHeader>
      <fileDesc>
         <titleStmt>
            <title level="a" xml:lang="es">Arabata</title>
            <title level="m">LOGAR Linked Open Gazetteer of the Andean Region</title>
            <sponsor>LOGAR Linked Open Gazetteer of the Andean Region</sponsor>
            <funder>The National Endowment for the Humanities</funder>
            <principal>Steven A. Wernke</principal>
            <principal>Akira Saito</principal>
            <editor role="creator">Steven A. Wernke</editor>
            <editor role="creator">Jeremy Mumford</editor>
            <respStmt>
               <resp>Editing, proofreading, data entry and revision by</resp>
               <name type="person" ref="http://syriaca.org/documentation/editors.xml#swernke">Steven A. Wernke</name>
            </respStmt>
            <respStmt>
               <resp>Editing, proofreading, data entry and revision by</resp>
               <name type="person" ref="http://syriaca.org/documentation/editors.xml#jmumford">Jeremy Mumford</name>
            </respStmt>
         </titleStmt>
         <editionStmt>
            <edition n="1.0"/>
         </editionStmt>
         <publicationStmt>
            <authority>LOGAR Linked Open Gazetteer of the Andean Region</authority>
            <idno type="URI">http://logarandes.org/place/469/tei</idno>
            <availability>
               <licence target="http://creativecommons.org/licenses/by/3.0/">
                  <p>Distributed under a Creative Commons Attribution 3.0 Unported License.</p>
               </licence>
            </availability>
            <date>2016-05-09-04:00</date>
         </publicationStmt>
         <sourceDesc>
            <p>Born digital.</p>
         </sourceDesc>
      </fileDesc>
      <encodingDesc>
         <editorialDecl>
            <p>This record created following the LOGAR guidelines. 
                        Documentation available at: <ref target="http://logarandes.org/documentation">http://logarandes.org/documentation</ref>.</p>
         </editorialDecl>
      </encodingDesc>
      <revisionDesc>
         <change who="http://syriaca.org/documentation/editors.xml#wsalesky" n="1.0" when="2016-05-09-04:00">CREATED: place record</change>
      </revisionDesc>
   </teiHeader>
   <text>
      <body>
         <listPlace>
            <place xml:id="place-469" source="bib469-1">
               <placeName xml:id="name469-1" full="yes" type="standardized">Arabata</placeName>
               <placeName xml:id="name469-3" type="standardized-Andean">Arabata</placeName>
               <placeName xml:id="name469-4" type="verbatim">arauate</placeName>
               <location type="ancient">
                  <region type="audiencia">La Plata</region>
                  <region type="ciudad">La Plata</region>
                  <region type="corregimiento">Amparaes</region>
                  <region type="repartimiento">
                     <placeName type="standardized" full="yes">Condes de Arabata</placeName>
                     <placeName type="verbatim">condes de arauate</placeName>
                  </region>
                  <settlement type="pueblo">Arabata</settlement>
               </location>
               <location type="modern">
                  <country>Bolivia</country>
                  <region type="province">Oropeza</region>
                  <region type="department">Chuquisaca</region>
                  <settlement type="pueblo">Arabate</settlement>
               </location>
               <population>
                  <desc>1234</desc>
               </population>
               <population source="bib469-1" type="tributaries">
                  <desc>326</desc>
               </population>
               <bibl xml:id="bib469-1">
                  <title>Levillier 1921-26 v9</title>
                  <citedRange unit="pp">138</citedRange>
               </bibl>
               <bibl xml:id="bib469-2">
                  <title>Levillier 1921-26 v28</title>
                  <citedRange unit="pp">138</citedRange>
               </bibl>
               <bibl xml:id="bib469-3">
                  <title>AGI Lima 464</title>
               </bibl>
               <idno type="URI">http://logarandes.org/place/469</idno>
               <note type="administrative" subtype="Moved">0</note>
            </place>
         </listPlace>
      </body>
   </text>
</TEI>