<TEI xmlns="http://www.tei-c.org/ns/1.0" xmlns:tei="http://www.tei-c.org/ns/1.0" xmlns:xd="http://www.oxygenxml.com/ns/doc/xsl" xml:lang="en">
   <teiHeader>
      <fileDesc>
         <titleStmt>
            <title level="a" xml:lang="es">Quillaquilla</title>
            <title level="m">LOGAR Linked Open Gazetteer of the Andean Region</title>
            <sponsor>LOGAR Linked Open Gazetteer of the Andean Region</sponsor>
            <funder>The National Endowment for the Humanities</funder>
            <principal>Steven A. Wernke</principal>
            <principal>Akira Saito</principal>
            <editor role="creator">Steven A. Wernke</editor>
            <editor role="creator">Jeremy Mumford</editor>
            <respStmt>
               <resp>Editing, proofreading, data entry and revision by</resp>
               <name type="person" ref="http://syriaca.org/documentation/editors.xml#swernke">Steven A. Wernke</name>
            </respStmt>
            <respStmt>
               <resp>Editing, proofreading, data entry and revision by</resp>
               <name type="person" ref="http://syriaca.org/documentation/editors.xml#jmumford">Jeremy Mumford</name>
            </respStmt>
         </titleStmt>
         <editionStmt>
            <edition n="1.0"/>
         </editionStmt>
         <publicationStmt>
            <authority>LOGAR Linked Open Gazetteer of the Andean Region</authority>
            <idno type="URI">http://logarandes.org/place/472/tei</idno>
            <availability>
               <licence target="http://creativecommons.org/licenses/by/3.0/">
                  <p>Distributed under a Creative Commons Attribution 3.0 Unported License.</p>
               </licence>
            </availability>
            <date>2016-05-09-04:00</date>
         </publicationStmt>
         <sourceDesc>
            <p>Born digital.</p>
         </sourceDesc>
      </fileDesc>
      <encodingDesc>
         <editorialDecl>
            <p>This record created following the LOGAR guidelines. 
                        Documentation available at: <ref target="http://logarandes.org/documentation">http://logarandes.org/documentation</ref>.</p>
         </editorialDecl>
      </encodingDesc>
      <revisionDesc>
         <change who="http://syriaca.org/documentation/editors.xml#wsalesky" n="1.0" when="2016-05-09-04:00">CREATED: place record</change>
      </revisionDesc>
   </teiHeader>
   <text>
      <body>
         <listPlace>
            <place xml:id="place-472" source="bib472-1">
               <placeName xml:id="name472-1" full="yes" type="standardized">Quillaquilla</placeName>
               <placeName xml:id="name472-3" type="standardized-Andean">Quillaquilla</placeName>
               <placeName xml:id="name472-4" type="verbatim">quilaquila</placeName>
               <location type="ancient">
                  <region type="audiencia">La Plata</region>
                  <region type="ciudad">La Plata</region>
                  <region type="corregimiento">Amparaes</region>
                  <region type="repartimiento">
                     <placeName type="standardized" full="yes">Yamparaes</placeName>
                     <placeName type="verbatim">amparaes</placeName>
                  </region>
                  <settlement type="pueblo">Quillaquilla</settlement>
               </location>
               <location type="modern">
                  <country>Bolivia</country>
                  <region type="province">Oropeza</region>
                  <region type="department">Chuquisaca</region>
                  <settlement type="pueblo">Quilla Quilla</settlement>
               </location>
               <location type="gps">
                  <geo>-19.1197592 -65.37703118</geo>
               </location>
               <location>
                  <geo>-19 07 11.13240 -065 22 37.31160</geo>
               </location>
               <note>I'm confused. IndexMundi has two Quillaquilla's, one of them in Dept. Chuquisaca, which is probably the right one. But the location you pinned doesn't show up in IndexMundi.</note>
               <bibl xml:id="bib472-1">
                  <title>Levillier 1921-26 v9</title>
                  <citedRange unit="pp">138</citedRange>
               </bibl>
               <bibl xml:id="bib472-2">
                  <title>Levillier 1921-26 v31</title>
                  <citedRange unit="pp">138</citedRange>
               </bibl>
               <bibl xml:id="bib472-3">
                  <title>AGI Lima 464</title>
               </bibl>
               <idno type="URI">http://logarandes.org/place/472</idno>
               <note type="administrative" subtype="Moved">1</note>
               <note type="administrative" subtype="Move_ref">Google sat</note>
               <note type="administrative" subtype="Moved_by">Mumford</note>
               <note type="administrative" subtype="Move_date">12/1/2015</note>
               <note type="administrative" subtype="Delete_2">0</note>
            </place>
         </listPlace>
      </body>
   </text>
</TEI>