<TEI xmlns="http://www.tei-c.org/ns/1.0" xmlns:tei="http://www.tei-c.org/ns/1.0" xmlns:xd="http://www.oxygenxml.com/ns/doc/xsl" xml:lang="en">
   <teiHeader>
      <fileDesc>
         <titleStmt>
            <title level="a" xml:lang="es">Santa Ana de Potobamba</title>
            <title level="m">LOGAR Linked Open Gazetteer of the Andean Region</title>
            <sponsor>LOGAR Linked Open Gazetteer of the Andean Region</sponsor>
            <funder>The National Endowment for the Humanities</funder>
            <principal>Steven A. Wernke</principal>
            <principal>Akira Saito</principal>
            <editor role="creator">Steven A. Wernke</editor>
            <editor role="creator">Jeremy Mumford</editor>
            <respStmt>
               <resp>Editing, proofreading, data entry and revision by</resp>
               <name type="person" ref="http://syriaca.org/documentation/editors.xml#swernke">Steven A. Wernke</name>
            </respStmt>
            <respStmt>
               <resp>Editing, proofreading, data entry and revision by</resp>
               <name type="person" ref="http://syriaca.org/documentation/editors.xml#jmumford">Jeremy Mumford</name>
            </respStmt>
         </titleStmt>
         <editionStmt>
            <edition n="1.0"/>
         </editionStmt>
         <publicationStmt>
            <authority>LOGAR Linked Open Gazetteer of the Andean Region</authority>
            <idno type="URI">http://logarandes.org/place/476/tei</idno>
            <availability>
               <licence target="http://creativecommons.org/licenses/by/3.0/">
                  <p>Distributed under a Creative Commons Attribution 3.0 Unported License.</p>
               </licence>
            </availability>
            <date>2016-05-09-04:00</date>
         </publicationStmt>
         <sourceDesc>
            <p>Born digital.</p>
         </sourceDesc>
      </fileDesc>
      <encodingDesc>
         <editorialDecl>
            <p>This record created following the LOGAR guidelines. 
                        Documentation available at: <ref target="http://logarandes.org/documentation">http://logarandes.org/documentation</ref>.</p>
         </editorialDecl>
      </encodingDesc>
      <revisionDesc>
         <change who="http://syriaca.org/documentation/editors.xml#wsalesky" n="1.0" when="2016-05-09-04:00">CREATED: place record</change>
      </revisionDesc>
   </teiHeader>
   <text>
      <body>
         <listPlace>
            <place xml:id="place-476" source="bib476-1">
               <placeName xml:id="name476-1" full="yes" type="standardized">Santa Ana de Potobamba</placeName>
               <placeName xml:id="name476-2" type="standardized-Spanish">Santa Ana de</placeName>
               <placeName xml:id="name476-3" type="standardized-Andean">Potobamba</placeName>
               <placeName xml:id="name476-4" type="verbatim">santa ana de potobamba</placeName>
               <location type="ancient">
                  <region type="audiencia">La Plata</region>
                  <region type="ciudad">La Plata</region>
                  <region type="corregimiento">Porco</region>
                  <region type="repartimiento">
                     <placeName type="standardized" full="yes">Tacobamba</placeName>
                     <placeName type="verbatim">Tacobamba</placeName>
                  </region>
                  <settlement type="pueblo">Santa Ana de Potobamba</settlement>
               </location>
               <location type="modern">
                  <country>Bolivia</country>
                  <region type="province">Cornelio Saavedra</region>
                  <region type="department">Potosí</region>
                  <settlement type="pueblo">Potobamba</settlement>
               </location>
               <location type="gps">
                  <geo>-19.32106168 -65.37516618</geo>
               </location>
               <location>
                  <geo>-19 19 15.82320 -065 22 30.59760</geo>
               </location>
               <bibl xml:id="bib476-1">
                  <title>Levillier 1921-26 v9</title>
                  <citedRange unit="pp">137</citedRange>
               </bibl>
               <bibl xml:id="bib476-2">
                  <title>Levillier 1921-26 v23</title>
                  <citedRange unit="pp">137</citedRange>
               </bibl>
               <bibl xml:id="bib476-3">
                  <title>AGI Lima 464</title>
               </bibl>
               <idno type="URI">http://logarandes.org/place/476</idno>
               <note type="administrative" subtype="Moved">1</note>
               <note type="administrative" subtype="Move_ref">Other</note>
               <note type="administrative" subtype="MR_other_notes">http://www.boliviaweb.com/potosi/potobamba.aspx</note>
               <note type="administrative" subtype="Moved_by">Mumford</note>
               <note type="administrative" subtype="Move_date">12/11/2015</note>
               <note type="administrative" subtype="Delete_2">0</note>
            </place>
         </listPlace>
      </body>
   </text>
</TEI>