<TEI xmlns="http://www.tei-c.org/ns/1.0" xmlns:tei="http://www.tei-c.org/ns/1.0" xmlns:xd="http://www.oxygenxml.com/ns/doc/xsl" xml:lang="en">
   <teiHeader>
      <fileDesc>
         <titleStmt>
            <title level="a" xml:lang="es">Jarandilla de Chaqui</title>
            <title level="m">LOGAR Linked Open Gazetteer of the Andean Region</title>
            <sponsor>LOGAR Linked Open Gazetteer of the Andean Region</sponsor>
            <funder>The National Endowment for the Humanities</funder>
            <principal>Steven A. Wernke</principal>
            <principal>Akira Saito</principal>
            <editor role="creator">Steven A. Wernke</editor>
            <editor role="creator">Jeremy Mumford</editor>
            <respStmt>
               <resp>Editing, proofreading, data entry and revision by</resp>
               <name type="person" ref="http://syriaca.org/documentation/editors.xml#swernke">Steven A. Wernke</name>
            </respStmt>
            <respStmt>
               <resp>Editing, proofreading, data entry and revision by</resp>
               <name type="person" ref="http://syriaca.org/documentation/editors.xml#jmumford">Jeremy Mumford</name>
            </respStmt>
         </titleStmt>
         <editionStmt>
            <edition n="1.0"/>
         </editionStmt>
         <publicationStmt>
            <authority>LOGAR Linked Open Gazetteer of the Andean Region</authority>
            <idno type="URI">http://logarandes.org/place/480/tei</idno>
            <availability>
               <licence target="http://creativecommons.org/licenses/by/3.0/">
                  <p>Distributed under a Creative Commons Attribution 3.0 Unported License.</p>
               </licence>
            </availability>
            <date>2016-05-09-04:00</date>
         </publicationStmt>
         <sourceDesc>
            <p>Born digital.</p>
         </sourceDesc>
      </fileDesc>
      <encodingDesc>
         <editorialDecl>
            <p>This record created following the LOGAR guidelines. 
                        Documentation available at: <ref target="http://logarandes.org/documentation">http://logarandes.org/documentation</ref>.</p>
         </editorialDecl>
      </encodingDesc>
      <revisionDesc>
         <change who="http://syriaca.org/documentation/editors.xml#wsalesky" n="1.0" when="2016-05-09-04:00">CREATED: place record</change>
      </revisionDesc>
   </teiHeader>
   <text>
      <body>
         <listPlace>
            <place xml:id="place-480" source="bib480-1">
               <placeName xml:id="name480-1" full="yes" type="standardized">Jarandilla de Chaqui</placeName>
               <placeName xml:id="name480-2" type="standardized-Spanish">Jarandilla</placeName>
               <placeName xml:id="name480-3" type="standardized-Andean">Chaqui</placeName>
               <placeName xml:id="name480-4" type="verbatim">Xarandilla</placeName>
               <location type="ancient">
                  <region type="audiencia">La Plata</region>
                  <region type="ciudad">La Plata</region>
                  <region type="corregimiento">Porco</region>
                  <region type="repartimiento">
                     <placeName type="standardized" full="yes">Chaqui</placeName>
                     <placeName type="verbatim">Chaqui</placeName>
                  </region>
                  <settlement type="pueblo">Jarandilla de Chaqui</settlement>
               </location>
               <location type="modern">
                  <country>Bolivia</country>
                  <region type="province">Cornelio Saavedra</region>
                  <region type="department">Potosí</region>
                  <settlement type="pueblo">Chaqui</settlement>
               </location>
               <location type="gps">
                  <geo>-19.58836506 -65.56154208</geo>
               </location>
               <location>
                  <geo>-19 35 18.11400 -065 33 41.55120</geo>
               </location>
               <note>Coordinates from: http://www.indexmundi.com/zp/bl/1900.htm Pablo Cruz, "Huacas olvidadas y cerros santos. Apuntes metodológicos sobre la cartografía sagrada en los Andes del sur de Bolivia," Estudios atacameños (2009): "...el actual pueblo de Santiago de</note>
               <bibl xml:id="bib480-1">
                  <title>Levillier 1921-26 v9</title>
                  <citedRange unit="pp">137</citedRange>
               </bibl>
               <bibl xml:id="bib480-2">
                  <title>Levillier 1921-26 v21</title>
                  <citedRange unit="pp">137</citedRange>
               </bibl>
               <bibl xml:id="bib480-3">
                  <title>AGI Lima 464</title>
               </bibl>
               <idno type="URI">http://logarandes.org/place/480</idno>
               <note type="administrative" subtype="Moved">1</note>
               <note type="administrative" subtype="Move_ref">Google sat</note>
               <note type="administrative" subtype="Moved_by">Mumford</note>
               <note type="administrative" subtype="Move_date">12/1/2015</note>
               <note type="administrative" subtype="Delete_2">0</note>
            </place>
         </listPlace>
      </body>
   </text>
</TEI>