<TEI xmlns="http://www.tei-c.org/ns/1.0" xmlns:tei="http://www.tei-c.org/ns/1.0" xmlns:xd="http://www.oxygenxml.com/ns/doc/xsl" xml:lang="en">
   <teiHeader>
      <fileDesc>
         <titleStmt>
            <title level="a" xml:lang="es">Nuestra Señora de la Incarnación de Yura</title>
            <title level="m">LOGAR Linked Open Gazetteer of the Andean Region</title>
            <sponsor>LOGAR Linked Open Gazetteer of the Andean Region</sponsor>
            <funder>The National Endowment for the Humanities</funder>
            <principal>Steven A. Wernke</principal>
            <principal>Akira Saito</principal>
            <editor role="creator">Steven A. Wernke</editor>
            <editor role="creator">Jeremy Mumford</editor>
                <editor role="creator">Tomoko Koyama</editor>
            <respStmt>
               <resp>Editing, proofreading, data entry and revision by</resp>
               <name type="person" ref="http://syriaca.org/documentation/editors.xml#swernke">Steven A. Wernke</name>
            </respStmt>
            <respStmt>
               <resp>Editing, proofreading, data entry and revision by</resp>
               <name type="person" ref="http://syriaca.org/documentation/editors.xml#jmumford">Jeremy Mumford</name>
            </respStmt>
                <respStmt>
                    <resp>Editing for locational accuracy by </resp>
                    <name type="person">Tomoko Koyama</name>
                </respStmt>
         </titleStmt>
         <editionStmt>
            <edition n="1.0"/>
         </editionStmt>
         <publicationStmt>
            <authority>LOGAR Linked Open Gazetteer of the Andean Region</authority>
            <idno type="URI">http://logarandes.org/place/481/tei</idno>
            <availability>
               <licence target="http://creativecommons.org/licenses/by/3.0/">
                  <p>Distributed under a Creative Commons Attribution 3.0 Unported License.</p>
               </licence>
            </availability>
            <date>2016-05-09-04:00</date>
         </publicationStmt>
         <sourceDesc>
            <p>Born digital.</p>
         </sourceDesc>
      </fileDesc>
      <encodingDesc>
         <editorialDecl>
            <p>This record created following the LOGAR guidelines. 
                        Documentation available at: <ref target="http://logarandes.org/documentation">http://logarandes.org/documentation</ref>.</p>
         </editorialDecl>
      </encodingDesc>
      <revisionDesc>
         <change who="http://syriaca.org/documentation/editors.xml#admin" n="1.0" when="2016-05-09-04:00">Location corrections provided by Akira Saito of the National Museum of Ethnology, Japan and his team. </change>
            <change who="http://syriaca.org/documentation/editors.xml#wsalesky" n="1.0" when="2016-05-09-04:00">CREATED: place record</change>
      </revisionDesc>
   </teiHeader>
   <text>
      <body>
         <listPlace>
            <place xml:id="place-481" source="bib481-1">
               <placeName xml:id="name481-1" full="yes" type="standardized">Nuestra Señora de la Incarnación de Yura</placeName>
               <placeName xml:id="name481-2" type="standardized-Spanish">Nuestra Señora de</placeName>
               <placeName xml:id="name481-3" type="standardized-Andean">Yura</placeName>
               <placeName xml:id="name481-4" type="verbatim">nuestra señora de la encarnación</placeName>
               <location type="ancient">
                  <region type="audiencia">La Plata</region>
                  <region type="ciudad">La Plata</region>
                  <region type="corregimiento">Porco</region>
                  <region type="repartimiento">
                     <placeName type="standardized" full="yes">Bisisa y Cayza</placeName>
                     <placeName type="verbatim">bisisa y cayça</placeName>
                  </region>
                  <settlement type="pueblo">Nuestra Señora de la Incarnación de Yura</settlement>
               </location>
               <location type="modern">
                  <country>Bolivia</country>
                  <region type="province">Antonio Quijarro</region>
                  <region type="department">Potosí</region>
                  <settlement type="pueblo">Yura</settlement>
               </location>
               <location type="gps" source="#bib481-3">
                        <geo>-20.07339 -66.12501</geo>
                    </location>
               <location>
                  <geo>-20 02 36.25080 -066 10 08.63400</geo>
               </location>
               <bibl xml:id="bib481-1">
                  <title>Levillier 1921-26 v9</title>
                  <citedRange unit="pp">136</citedRange>
               </bibl>
               <bibl xml:id="bib481-2">
                  <title>Levillier 1921-26 v20</title>
                  <citedRange unit="pp">136</citedRange>
               </bibl>
               <bibl xml:id="bib481-3">
                  <title>AGI Lima 464</title>
               <citedRange unit="part">9r</citedRange>
                    </bibl>
               <idno type="URI">http://logarandes.org/place/481</idno>
               <note type="administrative" subtype="Moved">1</note>
               <note type="administrative" subtype="Move_ref">Other</note>
               <note type="administrative" subtype="MR_other_notes">The satellite image is too blurry to see this well, and it doesn't look like a Toledan reduccion, but it's called Yura.</note>
               <note type="administrative" subtype="Moved_by">Mumford</note>
               <note type="administrative" subtype="Move_date">12/12/2015</note>
               <note type="administrative" subtype="Delete_2">0</note>
            </place>
         </listPlace>
      </body>
   </text>
</TEI>