<TEI xmlns="http://www.tei-c.org/ns/1.0" xmlns:tei="http://www.tei-c.org/ns/1.0" xmlns:xd="http://www.oxygenxml.com/ns/doc/xsl" xml:lang="en">
   <teiHeader>
      <fileDesc>
         <titleStmt>
            <title level="a" xml:lang="es">San Lorenzo de Tarapacá</title>
            <title level="m">LOGAR Linked Open Gazetteer of the Andean Region</title>
            <sponsor>LOGAR Linked Open Gazetteer of the Andean Region</sponsor>
            <funder>The National Endowment for the Humanities</funder>
            <principal>Steven A. Wernke</principal>
            <principal>Akira Saito</principal>
            <editor role="creator">Steven A. Wernke</editor>
            <editor role="creator">Jeremy Mumford</editor>
            <respStmt>
               <resp>Editing, proofreading, data entry and revision by</resp>
               <name type="person" ref="http://syriaca.org/documentation/editors.xml#swernke">Steven A. Wernke</name>
            </respStmt>
            <respStmt>
               <resp>Editing, proofreading, data entry and revision by</resp>
               <name type="person" ref="http://syriaca.org/documentation/editors.xml#jmumford">Jeremy Mumford</name>
            </respStmt>
         </titleStmt>
         <editionStmt>
            <edition n="1.0"/>
         </editionStmt>
         <publicationStmt>
            <authority>LOGAR Linked Open Gazetteer of the Andean Region</authority>
            <idno type="URI">http://logarandes.org/place/485/tei</idno>
            <availability>
               <licence target="http://creativecommons.org/licenses/by/3.0/">
                  <p>Distributed under a Creative Commons Attribution 3.0 Unported License.</p>
               </licence>
            </availability>
            <date>2016-05-09-04:00</date>
         </publicationStmt>
         <sourceDesc>
            <p>Born digital.</p>
         </sourceDesc>
      </fileDesc>
      <encodingDesc>
         <editorialDecl>
            <p>This record created following the LOGAR guidelines. 
                        Documentation available at: <ref target="http://logarandes.org/documentation">http://logarandes.org/documentation</ref>.</p>
         </editorialDecl>
      </encodingDesc>
      <revisionDesc>
         <change who="http://syriaca.org/documentation/editors.xml#wsalesky" n="1.0" when="2016-05-09-04:00">CREATED: place record</change>
      </revisionDesc>
   </teiHeader>
   <text>
      <body>
         <listPlace>
            <place xml:id="place-485" source="bib485-1">
               <placeName xml:id="name485-1" full="yes" type="standardized">San Lorenzo de Tarapacá</placeName>
               <placeName xml:id="name485-2" type="standardized-Spanish">San Lorenzo de</placeName>
               <placeName xml:id="name485-3" type="standardized-Andean">Tarapacá</placeName>
               <placeName xml:id="name485-4" type="verbatim">san Lorenzo de tarapaca</placeName>
               <location type="ancient">
                  <region type="audiencia">Lima</region>
                  <region type="ciudad">Arequipa</region>
                  <region type="corregimiento">Arica</region>
                  <region type="repartimiento">
                     <placeName type="standardized" full="yes">Tarapacá</placeName>
                     <placeName type="verbatim">tarapacá</placeName>
                  </region>
                  <settlement type="pueblo">San Lorenzo de Tarapacá</settlement>
               </location>
               <location type="modern">
                  <country>Peru</country>
                  <region type="province">Tamarugal</region>
                  <region type="department">Tarapacá</region>
                  <settlement type="pueblo">San Lorenzo de Tarapacá</settlement>
               </location>
               <location type="gps">
                  <geo>-19.92404236 -69.51090822</geo>
               </location>
               <location>
                  <geo>-19 55 26.55120 -069 30 39.26880</geo>
               </location>
               <note>NO - GET Coordinates FROM: http://es.wikipedia.org/wiki/San_Lorenzo_de_Tarapac%C3%A1 - -19.924089 , -69.510911</note>
               <bibl xml:id="bib485-1">
                  <title>Levillier 1921-26 v9</title>
                  <citedRange unit="pp">172</citedRange>
               </bibl>
               <bibl xml:id="bib485-2">
                  <title>Levillier 1921-26 v9</title>
                  <citedRange unit="pp">172</citedRange>
               </bibl>
               <bibl xml:id="bib485-3">
                  <title>AGI Lima 464</title>
               </bibl>
               <idno type="URI">http://logarandes.org/place/485</idno>
               <note type="administrative" subtype="Moved">1</note>
               <note type="administrative" subtype="Move_ref">Google sat</note>
               <note type="administrative" subtype="Moved_by">Mumford</note>
               <note type="administrative" subtype="Move_date">12/23/2015</note>
            </place>
         </listPlace>
      </body>
   </text>
</TEI>