<TEI xmlns="http://www.tei-c.org/ns/1.0" xmlns:tei="http://www.tei-c.org/ns/1.0" xmlns:xd="http://www.oxygenxml.com/ns/doc/xsl" xml:lang="en">
   <teiHeader>
      <fileDesc>
         <titleStmt>
            <title level="a" xml:lang="es">La Trinidad</title>
            <title level="m">LOGAR Linked Open Gazetteer of the Andean Region</title>
            <sponsor>LOGAR Linked Open Gazetteer of the Andean Region</sponsor>
            <funder>The National Endowment for the Humanities</funder>
            <principal>Steven A. Wernke</principal>
            <principal>Akira Saito</principal>
            <editor role="creator">Steven A. Wernke</editor>
            <editor role="creator">Jeremy Mumford</editor>
            <respStmt>
               <resp>Editing, proofreading, data entry and revision by</resp>
               <name type="person" ref="http://syriaca.org/documentation/editors.xml#swernke">Steven A. Wernke</name>
            </respStmt>
            <respStmt>
               <resp>Editing, proofreading, data entry and revision by</resp>
               <name type="person" ref="http://syriaca.org/documentation/editors.xml#jmumford">Jeremy Mumford</name>
            </respStmt>
         </titleStmt>
         <editionStmt>
            <edition n="1.0"/>
         </editionStmt>
         <publicationStmt>
            <authority>LOGAR Linked Open Gazetteer of the Andean Region</authority>
            <idno type="URI">http://logarandes.org/place/52/tei</idno>
            <availability>
               <licence target="http://creativecommons.org/licenses/by/3.0/">
                  <p>Distributed under a Creative Commons Attribution 3.0 Unported License.</p>
               </licence>
            </availability>
            <date>2016-05-09-04:00</date>
         </publicationStmt>
         <sourceDesc>
            <p>Born digital.</p>
         </sourceDesc>
      </fileDesc>
      <encodingDesc>
         <editorialDecl>
            <p>This record created following the LOGAR guidelines. 
                        Documentation available at: <ref target="http://logarandes.org/documentation">http://logarandes.org/documentation</ref>.</p>
         </editorialDecl>
      </encodingDesc>
      <revisionDesc>
         <change who="http://syriaca.org/documentation/editors.xml#wsalesky" n="1.0" when="2016-05-09-04:00">CREATED: place record</change>
      </revisionDesc>
   </teiHeader>
   <text>
      <body>
         <listPlace>
            <place xml:id="place-52" source="bib52-1">
               <placeName xml:id="name52-1" full="yes" type="standardized">La Trinidad</placeName>
               <placeName xml:id="name52-2" type="standardized-Spanish">La Trinidad</placeName>
               <placeName xml:id="name52-4" type="verbatim">la Trinidad</placeName>
               <location type="ancient">
                  <region type="audiencia">Lima</region>
                  <region type="ciudad">Trujillo</region>
                  <region type="corregimiento">Cajamarca</region>
                  <region type="repartimiento">
                     <placeName type="standardized" full="yes">Various mitimaes</placeName>
                     <placeName type="verbatim">caxamarca</placeName>
                  </region>
                  <settlement type="pueblo">La Trinidad</settlement>
               </location>
               <location type="gps">
                  <geo>-7.349064187 -79.02999353</geo>
               </location>
               <location>
                  <geo>-07 20 56.63040 -079 01 47.97840</geo>
               </location>
               <note>Maybe. A bit far from Jesús and Asunción. Coordinates from http://www.indexmundi.com/z/?lat=-7.35&amp;lon=-79.0333333&amp;t=p&amp;r=18620&amp;p=trinidad&amp;cc=pe&amp;c=peru. http://www.youtube.com/watch?v=wk8JEkuPlqo: "Trinidad, hermoso y cálido pueblo del sur cajamarquino,suf</note>
               <bibl xml:id="bib52-1">
                  <title>Levillier 1921-26 v9</title>
                  <citedRange unit="pp">210</citedRange>
               </bibl>
               <bibl xml:id="bib52-2">
                  <title>Levillier 1921-26 v9</title>
                  <citedRange unit="pp">210</citedRange>
               </bibl>
               <bibl xml:id="bib52-3">
                  <title>AGI Lima 464</title>
               </bibl>
               <idno type="URI">http://logarandes.org/place/52</idno>
               <note type="administrative" subtype="Moved">1</note>
               <note type="administrative" subtype="Move_ref">Google sat</note>
               <note type="administrative" subtype="Moved_by">Kohut</note>
               <note type="administrative" subtype="Move_date">12/10/2015</note>
               <note type="administrative" subtype="Delete_2">0</note>
            </place>
         </listPlace>
      </body>
   </text>
</TEI>