<TEI xmlns="http://www.tei-c.org/ns/1.0" xmlns:tei="http://www.tei-c.org/ns/1.0" xmlns:xd="http://www.oxygenxml.com/ns/doc/xsl" xml:lang="en">
   <teiHeader>
      <fileDesc>
         <titleStmt>
            <title level="a" xml:lang="es">San Pedro de Lloc</title>
            <title level="m">LOGAR Linked Open Gazetteer of the Andean Region</title>
            <sponsor>LOGAR Linked Open Gazetteer of the Andean Region</sponsor>
            <funder>The National Endowment for the Humanities</funder>
            <principal>Steven A. Wernke</principal>
            <principal>Akira Saito</principal>
            <editor role="creator">Steven A. Wernke</editor>
            <editor role="creator">Jeremy Mumford</editor>
            <respStmt>
               <resp>Editing, proofreading, data entry and revision by</resp>
               <name type="person" ref="http://syriaca.org/documentation/editors.xml#swernke">Steven A. Wernke</name>
            </respStmt>
            <respStmt>
               <resp>Editing, proofreading, data entry and revision by</resp>
               <name type="person" ref="http://syriaca.org/documentation/editors.xml#jmumford">Jeremy Mumford</name>
            </respStmt>
         </titleStmt>
         <editionStmt>
            <edition n="1.0"/>
         </editionStmt>
         <publicationStmt>
            <authority>LOGAR Linked Open Gazetteer of the Andean Region</authority>
            <idno type="URI">http://logarandes.org/place/53/tei</idno>
            <availability>
               <licence target="http://creativecommons.org/licenses/by/3.0/">
                  <p>Distributed under a Creative Commons Attribution 3.0 Unported License.</p>
               </licence>
            </availability>
            <date>2016-05-09-04:00</date>
         </publicationStmt>
         <sourceDesc>
            <p>Born digital.</p>
         </sourceDesc>
      </fileDesc>
      <encodingDesc>
         <editorialDecl>
            <p>This record created following the LOGAR guidelines. 
                        Documentation available at: <ref target="http://logarandes.org/documentation">http://logarandes.org/documentation</ref>.</p>
         </editorialDecl>
      </encodingDesc>
      <revisionDesc>
         <change who="http://syriaca.org/documentation/editors.xml#wsalesky" n="1.0" when="2016-05-09-04:00">CREATED: place record</change>
      </revisionDesc>
   </teiHeader>
   <text>
      <body>
         <listPlace>
            <place xml:id="place-53" source="bib53-1">
               <placeName xml:id="name53-1" full="yes" type="standardized">San Pedro de Lloc</placeName>
               <placeName xml:id="name53-2" type="standardized-Spanish">San Pedro de</placeName>
               <placeName xml:id="name53-3" type="standardized-Andean">Lloc</placeName>
               <placeName xml:id="name53-4" type="verbatim">san pedro de lloc</placeName>
               <location type="ancient">
                  <region type="audiencia">Lima</region>
                  <region type="ciudad">Trujillo</region>
                  <region type="corregimiento">Chicama</region>
                  <region type="repartimiento">
                     <placeName type="standardized" full="yes">Xequetepec</placeName>
                     <placeName type="verbatim">xequetepec</placeName>
                  </region>
                  <region type="repartimiento">
                     <placeName type="standardized" full="yes">Chepen</placeName>
                     <placeName type="verbatim"/>
                  </region>
                  <region type="repartimiento">
                     <placeName type="standardized" full="yes">Moro</placeName>
                     <placeName type="verbatim">moro</placeName>
                  </region>
                  <settlement type="pueblo">San Pedro de Lloc</settlement>
               </location>
               <location type="modern">
                  <country>Peru</country>
                  <region type="province">Pacasmayo</region>
                  <region type="department">La Libertad</region>
                  <settlement type="pueblo">San Pedro de Lloc</settlement>
               </location>
               <location type="gps">
                  <geo>-7.432019239 -79.50429011</geo>
               </location>
               <location>
                  <geo>-07 25 55.26840 -079 30 15.44400</geo>
               </location>
               <bibl xml:id="bib53-1">
                  <title>Levillier 1921-26 v9</title>
                  <citedRange unit="pp">207</citedRange>
               </bibl>
               <bibl xml:id="bib53-2">
                  <title>Levillier 1921-26 v9</title>
                  <citedRange unit="pp">207</citedRange>
               </bibl>
               <bibl xml:id="bib53-3">
                  <title>AGI Lima 464</title>
               </bibl>
               <idno type="URI">http://logarandes.org/place/53</idno>
               <note type="administrative" subtype="Moved">1</note>
               <note type="administrative" subtype="Move_ref">Google sat</note>
               <note type="administrative" subtype="Moved_by">Kohut</note>
               <note type="administrative" subtype="Move_date">12/10/2015</note>
               <note type="administrative" subtype="Delete_2">0</note>
            </place>
         </listPlace>
      </body>
   </text>
</TEI>