<TEI xmlns="http://www.tei-c.org/ns/1.0" xmlns:tei="http://www.tei-c.org/ns/1.0" xmlns:xd="http://www.oxygenxml.com/ns/doc/xsl" xml:lang="en">
   <teiHeader>
      <fileDesc>
         <titleStmt>
            <title level="a" xml:lang="es">Mansiche</title>
            <title level="m">LOGAR Linked Open Gazetteer of the Andean Region</title>
            <sponsor>LOGAR Linked Open Gazetteer of the Andean Region</sponsor>
            <funder>The National Endowment for the Humanities</funder>
            <principal>Steven A. Wernke</principal>
            <principal>Akira Saito</principal>
            <editor role="creator">Steven A. Wernke</editor>
            <editor role="creator">Jeremy Mumford</editor>
            <respStmt>
               <resp>Editing, proofreading, data entry and revision by</resp>
               <name type="person" ref="http://syriaca.org/documentation/editors.xml#swernke">Steven A. Wernke</name>
            </respStmt>
            <respStmt>
               <resp>Editing, proofreading, data entry and revision by</resp>
               <name type="person" ref="http://syriaca.org/documentation/editors.xml#jmumford">Jeremy Mumford</name>
            </respStmt>
         </titleStmt>
         <editionStmt>
            <edition n="1.0"/>
         </editionStmt>
         <publicationStmt>
            <authority>LOGAR Linked Open Gazetteer of the Andean Region</authority>
            <idno type="URI">http://logarandes.org/place/57/tei</idno>
            <availability>
               <licence target="http://creativecommons.org/licenses/by/3.0/">
                  <p>Distributed under a Creative Commons Attribution 3.0 Unported License.</p>
               </licence>
            </availability>
            <date>2016-05-09-04:00</date>
         </publicationStmt>
         <sourceDesc>
            <p>Born digital.</p>
         </sourceDesc>
      </fileDesc>
      <encodingDesc>
         <editorialDecl>
            <p>This record created following the LOGAR guidelines. 
                        Documentation available at: <ref target="http://logarandes.org/documentation">http://logarandes.org/documentation</ref>.</p>
         </editorialDecl>
      </encodingDesc>
      <revisionDesc>
         <change who="http://syriaca.org/documentation/editors.xml#wsalesky" n="1.0" when="2016-05-09-04:00">CREATED: place record</change>
      </revisionDesc>
   </teiHeader>
   <text>
      <body>
         <listPlace>
            <place xml:id="place-57" source="bib57-1">
               <placeName xml:id="name57-1" full="yes" type="standardized">Mansiche</placeName>
               <placeName xml:id="name57-3" type="standardized-Andean">Mansiche</placeName>
               <placeName xml:id="name57-4" type="verbatim">mansiche</placeName>
               <location type="ancient">
                  <region type="audiencia">Lima</region>
                  <region type="ciudad">Trujillo</region>
                  <region type="corregimiento">Chicama</region>
                  <region type="repartimiento">
                     <placeName type="standardized" full="yes">Chicama y Chimu</placeName>
                     <placeName type="verbatim">chicama y chimu</placeName>
                  </region>
                  <settlement type="pueblo">Mansiche</settlement>
               </location>
               <location type="modern">
                  <country>Peru</country>
                  <region type="province">Trujillo</region>
                  <region type="department">La Libertad</region>
                  <settlement type="pueblo">Mansiche</settlement>
               </location>
               <location type="gps">
                  <geo>-8.102268132 -79.04330491</geo>
               </location>
               <location>
                  <geo>-08 06 08.16480 -079 02 35.89800</geo>
               </location>
               <note>On edge of Trujillo city. Coordinates from: http://www.indexmundi.com/zp/pe/10960.htm (a little confused--there is a Wikipedia page for Mansiche: https://en.wikipedia.org/wiki/Mansiche,_La_Libertad,_Peru --but it's not on Steve's list or in GE?)</note>
               <bibl xml:id="bib57-1">
                  <title>Levillier 1921-26 v9</title>
                  <citedRange unit="pp">207</citedRange>
               </bibl>
               <bibl xml:id="bib57-2">
                  <title>Levillier 1921-26 v9</title>
                  <citedRange unit="pp">207</citedRange>
               </bibl>
               <bibl xml:id="bib57-3">
                  <title>AGI Lima 464</title>
               </bibl>
               <idno type="URI">http://logarandes.org/place/57</idno>
               <note type="administrative" subtype="Moved">1</note>
               <note type="administrative" subtype="Move_ref">Bing sat</note>
               <note type="administrative" subtype="MR_other_notes">Center of the plaza in front of Iglesia San Salvador de Mansiche. https://goo.gl/MDLgOh, http://goo.gl/x4SFEX</note>
               <note type="administrative" subtype="Moved_by">Kohut</note>
               <note type="administrative" subtype="Move_date">3/17/2016</note>
               <note type="administrative" subtype="Delete_2">0</note>
            </place>
         </listPlace>
      </body>
   </text>
</TEI>