<TEI xmlns="http://www.tei-c.org/ns/1.0" xmlns:tei="http://www.tei-c.org/ns/1.0" xmlns:xd="http://www.oxygenxml.com/ns/doc/xsl" xml:lang="en">
   <teiHeader>
      <fileDesc>
         <titleStmt>
            <title level="a" xml:lang="es">San Lorenzo de Sunchuy Tambo</title>
            <title level="m">LOGAR Linked Open Gazetteer of the Andean Region</title>
            <sponsor>LOGAR Linked Open Gazetteer of the Andean Region</sponsor>
            <funder>The National Endowment for the Humanities</funder>
            <principal>Steven A. Wernke</principal>
            <principal>Akira Saito</principal>
            <editor role="creator">Steven A. Wernke</editor>
            <editor role="creator">Jeremy Mumford</editor>
            <respStmt>
               <resp>Editing, proofreading, data entry and revision by</resp>
               <name type="person" ref="http://syriaca.org/documentation/editors.xml#swernke">Steven A. Wernke</name>
            </respStmt>
            <respStmt>
               <resp>Editing, proofreading, data entry and revision by</resp>
               <name type="person" ref="http://syriaca.org/documentation/editors.xml#jmumford">Jeremy Mumford</name>
            </respStmt>
         </titleStmt>
         <editionStmt>
            <edition n="1.0"/>
         </editionStmt>
         <publicationStmt>
            <authority>LOGAR Linked Open Gazetteer of the Andean Region</authority>
            <idno type="URI">http://logarandes.org/place/93/tei</idno>
            <availability>
               <licence target="http://creativecommons.org/licenses/by/3.0/">
                  <p>Distributed under a Creative Commons Attribution 3.0 Unported License.</p>
               </licence>
            </availability>
            <date>2016-05-09-04:00</date>
         </publicationStmt>
         <sourceDesc>
            <p>Born digital.</p>
         </sourceDesc>
      </fileDesc>
      <encodingDesc>
         <editorialDecl>
            <p>This record created following the LOGAR guidelines. 
                        Documentation available at: <ref target="http://logarandes.org/documentation">http://logarandes.org/documentation</ref>.</p>
         </editorialDecl>
      </encodingDesc>
      <revisionDesc>
         <change who="http://syriaca.org/documentation/editors.xml#wsalesky" n="1.0" when="2016-05-09-04:00">CREATED: place record</change>
      </revisionDesc>
   </teiHeader>
   <text>
      <body>
         <listPlace>
            <place xml:id="place-93" source="bib93-1">
               <placeName xml:id="name93-1" full="yes" type="standardized">San Lorenzo de Sunchuy Tambo</placeName>
               <placeName xml:id="name93-2" type="standardized-Spanish">San Lorenzo de</placeName>
               <placeName xml:id="name93-3" type="standardized-Andean">Sunchuy Tambo</placeName>
               <placeName xml:id="name93-4" type="verbatim">san lorenzo de sunchuy tambo</placeName>
               <location type="ancient">
                  <region type="audiencia">Lima</region>
                  <region type="ciudad">Huanuco</region>
                  <region type="corregimiento">Jarama y Chinchacocha</region>
                  <region type="repartimiento">
                     <placeName type="standardized" full="yes">Chupachos</placeName>
                     <placeName type="verbatim">chupachos</placeName>
                  </region>
                  <settlement type="pueblo">San Lorenzo de Sunchuy Tambo</settlement>
               </location>
               <note>Nothing in GE, IM, or Steve's lists for Sunchuy/Sonchuy or Sunchutambo/Sonchutambo in Huanuco...</note>
               <bibl xml:id="bib93-1">
                  <title>Levillier 1921-26 v9</title>
                  <citedRange unit="pp">203</citedRange>
               </bibl>
               <bibl xml:id="bib93-2">
                  <title>Levillier 1921-26 v9</title>
                  <citedRange unit="pp">203</citedRange>
               </bibl>
               <bibl xml:id="bib93-3">
                  <title>AGI Lima 464</title>
               </bibl>
               <idno type="URI">http://logarandes.org/place/93</idno>
               <note type="administrative" subtype="Moved">0</note>
            </place>
         </listPlace>
      </body>
   </text>
</TEI>