<TEI xmlns="http://www.tei-c.org/ns/1.0" xmlns:tei="http://www.tei-c.org/ns/1.0" xmlns:xd="http://www.oxygenxml.com/ns/doc/xsl" xml:lang="en">
   <teiHeader>
      <fileDesc>
         <titleStmt>
            <title level="a" xml:lang="es">San Antonio de Rondos</title>
            <title level="m">LOGAR Linked Open Gazetteer of the Andean Region</title>
            <sponsor>LOGAR Linked Open Gazetteer of the Andean Region</sponsor>
            <funder>The National Endowment for the Humanities</funder>
            <principal>Steven A. Wernke</principal>
            <principal>Akira Saito</principal>
            <editor role="creator">Steven A. Wernke</editor>
            <editor role="creator">Jeremy Mumford</editor>
            <respStmt>
               <resp>Editing, proofreading, data entry and revision by</resp>
               <name type="person" ref="http://syriaca.org/documentation/editors.xml#swernke">Steven A. Wernke</name>
            </respStmt>
            <respStmt>
               <resp>Editing, proofreading, data entry and revision by</resp>
               <name type="person" ref="http://syriaca.org/documentation/editors.xml#jmumford">Jeremy Mumford</name>
            </respStmt>
         </titleStmt>
         <editionStmt>
            <edition n="1.0"/>
         </editionStmt>
         <publicationStmt>
            <authority>LOGAR Linked Open Gazetteer of the Andean Region</authority>
            <idno type="URI">http://logarandes.org/place/94/tei</idno>
            <availability>
               <licence target="http://creativecommons.org/licenses/by/3.0/">
                  <p>Distributed under a Creative Commons Attribution 3.0 Unported License.</p>
               </licence>
            </availability>
            <date>2016-05-09-04:00</date>
         </publicationStmt>
         <sourceDesc>
            <p>Born digital.</p>
         </sourceDesc>
      </fileDesc>
      <encodingDesc>
         <editorialDecl>
            <p>This record created following the LOGAR guidelines. 
                        Documentation available at: <ref target="http://logarandes.org/documentation">http://logarandes.org/documentation</ref>.</p>
         </editorialDecl>
      </encodingDesc>
      <revisionDesc>
         <change who="http://syriaca.org/documentation/editors.xml#wsalesky" n="1.0" when="2016-05-09-04:00">CREATED: place record</change>
      </revisionDesc>
   </teiHeader>
   <text>
      <body>
         <listPlace>
            <place xml:id="place-94" source="bib94-1">
               <placeName xml:id="name94-1" full="yes" type="standardized">San Antonio de Rondos</placeName>
               <placeName xml:id="name94-2" type="standardized-Spanish">San Antonio de</placeName>
               <placeName xml:id="name94-3" type="standardized-Andean">Rondos</placeName>
               <placeName xml:id="name94-4" type="verbatim">sant antonio de rondos</placeName>
               <location type="ancient">
                  <region type="audiencia">Lima</region>
                  <region type="ciudad">Huanuco</region>
                  <region type="corregimiento">Guamalies</region>
                  <region type="repartimiento">
                     <placeName type="standardized" full="yes">Ancas y Yacas</placeName>
                     <placeName type="verbatim">ancas y yacas</placeName>
                  </region>
                  <settlement type="pueblo">San Antonio de Rondos</settlement>
               </location>
               <location type="modern">
                  <country>Peru</country>
                  <region type="province">Dos de Mayo</region>
                  <region type="department">Huánuco</region>
                  <settlement type="pueblo">Rondos</settlement>
               </location>
               <location type="gps">
                  <geo>-9.984036505 -76.68905622</geo>
               </location>
               <location>
                  <geo>-09 59 02.53320 -076 41 20.60160</geo>
               </location>
               <bibl xml:id="bib94-1">
                  <title>Levillier 1921-26 v9</title>
                  <citedRange unit="pp">202</citedRange>
               </bibl>
               <bibl xml:id="bib94-2">
                  <title>Levillier 1921-26 v9</title>
                  <citedRange unit="pp">202</citedRange>
               </bibl>
               <bibl xml:id="bib94-3">
                  <title>AGI Lima 464</title>
               </bibl>
               <idno type="URI">http://logarandes.org/place/94</idno>
               <note type="administrative" subtype="Moved">1</note>
               <note type="administrative" subtype="Move_ref">Google sat</note>
               <note type="administrative" subtype="Moved_by">Kohut</note>
               <note type="administrative" subtype="Move_date">12/8/2015</note>
               <note type="administrative" subtype="Delete_2">0</note>
            </place>
         </listPlace>
      </body>
   </text>
</TEI>