<TEI xmlns="http://www.tei-c.org/ns/1.0" xmlns:tei="http://www.tei-c.org/ns/1.0" xmlns:xd="http://www.oxygenxml.com/ns/doc/xsl" xml:lang="en">
   <teiHeader>
      <fileDesc>
         <titleStmt>
            <title level="a" xml:lang="es">San Juan de Paradin [Pararín]</title>
            <title level="m">LOGAR Linked Open Gazetteer of the Andean Region</title>
            <sponsor>LOGAR Linked Open Gazetteer of the Andean Region</sponsor>
            <funder>The National Endowment for the Humanities</funder>
            <principal>Steven A. Wernke</principal>
            <principal>Akira Saito</principal>
            <editor role="creator">Steven A. Wernke</editor>
            <editor role="creator">Jeremy Mumford</editor>
            <respStmt>
               <resp>Editing, proofreading, data entry and revision by</resp>
               <name type="person" ref="http://syriaca.org/documentation/editors.xml#swernke">Steven A. Wernke</name>
            </respStmt>
            <respStmt>
               <resp>Editing, proofreading, data entry and revision by</resp>
               <name type="person" ref="http://syriaca.org/documentation/editors.xml#jmumford">Jeremy Mumford</name>
            </respStmt>
         </titleStmt>
         <editionStmt>
            <edition n="1.0"/>
         </editionStmt>
         <publicationStmt>
            <authority>LOGAR Linked Open Gazetteer of the Andean Region</authority>
            <idno type="URI">http://logarandes.org/place/96/tei</idno>
            <availability>
               <licence target="http://creativecommons.org/licenses/by/3.0/">
                  <p>Distributed under a Creative Commons Attribution 3.0 Unported License.</p>
               </licence>
            </availability>
            <date>2016-05-09-04:00</date>
         </publicationStmt>
         <sourceDesc>
            <p>Born digital.</p>
         </sourceDesc>
      </fileDesc>
      <encodingDesc>
         <editorialDecl>
            <p>This record created following the LOGAR guidelines. 
                        Documentation available at: <ref target="http://logarandes.org/documentation">http://logarandes.org/documentation</ref>.</p>
         </editorialDecl>
      </encodingDesc>
      <revisionDesc>
         <change who="http://syriaca.org/documentation/editors.xml#wsalesky" n="1.0" when="2016-05-09-04:00">CREATED: place record</change>
      </revisionDesc>
   </teiHeader>
   <text>
      <body>
         <listPlace>
            <place xml:id="place-96" source="bib96-1">
               <placeName xml:id="name96-1" full="yes" type="standardized">San Juan de Paradin [Pararín]</placeName>
               <placeName xml:id="name96-2" type="standardized-Spanish">San Juan de</placeName>
               <placeName xml:id="name96-3" type="standardized-Andean">Paradin [Pararín]</placeName>
               <placeName xml:id="name96-4" type="verbatim">sant joan de paradin</placeName>
               <location type="ancient">
                  <region type="audiencia">Lima</region>
                  <region type="ciudad">Lima</region>
                  <region type="corregimiento">Huaylas</region>
                  <region type="repartimiento">
                     <placeName type="standardized" full="yes">Recuay</placeName>
                     <placeName type="verbatim">recuay</placeName>
                  </region>
                  <settlement type="pueblo">San Juan de Paradin [Pararín]</settlement>
               </location>
               <location type="modern">
                  <country>Peru</country>
                  <region type="province">Recuay</region>
                  <region type="department">Ancash</region>
                  <settlement type="pueblo">Pararin District</settlement>
               </location>
               <location type="gps">
                  <geo>-10.050417 -77.65462137</geo>
               </location>
               <location>
                  <geo>-10 03 01.50120 -077 39 16.63560</geo>
               </location>
               <bibl xml:id="bib96-1">
                  <title>Levillier 1921-26 v9</title>
                  <citedRange unit="pp">198</citedRange>
               </bibl>
               <bibl xml:id="bib96-2">
                  <title>Levillier 1921-26 v9</title>
                  <citedRange unit="pp">198</citedRange>
               </bibl>
               <bibl xml:id="bib96-3">
                  <title>AGI Lima 464</title>
               </bibl>
               <idno type="URI">http://logarandes.org/place/96</idno>
               <note type="administrative" subtype="Moved">1</note>
               <note type="administrative" subtype="Move_ref">Google sat</note>
               <note type="administrative" subtype="Moved_by">Kohut</note>
               <note type="administrative" subtype="Move_date">12/10/2015</note>
               <note type="administrative" subtype="Delete_2">0</note>
            </place>
         </listPlace>
      </body>
   </text>
</TEI>